,Player,Pos,Tm,G,MP,PER,OWS,DWS,WS,WS/48,OBPM,DBPM,BPM,VORP,Rk,FG,FGA,FG%,3P,3PA,3P%,2P,2PA,2P%,FT,FTA,FT%,ORB,DRB,TRB,AST,STL,BLK,TOV,PF,PTS,ORtg,DRtg,RAPM,RAPM__Off,RAPM__Def,Salary 2020-21
0,Precious Achiuwa,PF,MIA,54,681,13.9,0.2,1.0,1.2,.088,-3.5,-0.8,-4.3,-0.4,1,8.1,15.1,.541,0.0,0.0,,8.1,15.1,.541,3.8,7.3,.515,5.1,9.2,14.3,2.0,1.3,1.9,3.0,6.4,20.1,106,108,-1.12,-1.22,0.1,2582160.0
1,Steven Adams,C,NOP,53,1491,15.6,2.3,1.3,3.6,.116,-0.1,-0.6,-0.7,0.5,3,5.8,9.3,.620,0.0,0.1,.000,5.8,9.2,.627,1.8,4.1,.441,6.7,8.9,15.6,3.4,1.6,1.1,2.4,3.4,13.4,123,114,0.83,1.09,-0.26,27528090.0
2,Bam Adebayo,C,MIA,51,1705,22.6,4.2,2.7,6.9,.193,2.8,1.7,4.5,2.8,4,10.7,18.9,.566,0.1,0.2,.250,10.6,18.7,.570,6.7,8.4,.803,3.5,10.4,13.8,7.8,1.5,1.7,4.1,3.4,28.2,120,107,-0.14,0.02,-0.17,5115492.0
3,LaMarcus Aldridge,C,TOT,26,674,15.7,0.5,0.7,1.2,.086,-0.2,-0.4,-0.6,0.2,5,10.1,21.3,.473,2.2,5.8,.388,7.8,15.5,.505,2.9,3.4,.872,1.4,7.1,8.5,3.5,0.8,2.1,1.9,3.4,25.3,109,112,-0.46,0.01,-0.48,19078340.0
21,Nickeil Alexander-Walker,SG,NOP,41,851,12.6,-0.2,0.8,0.6,.034,-1.6,-0.1,-1.7,0.1,7,9.0,21.5,.418,3.7,10.6,.348,5.3,10.9,.487,2.2,3.0,.750,0.6,6.6,7.2,4.6,2.3,1.2,3.2,4.4,23.9,101,113,-1.12,-1.05,-0.07,3113160.0
22,Grayson Allen,SG,MEM,43,1104,13.9,1.6,1.1,2.7,.116,0.2,0.2,0.4,0.7,8,7.0,16.1,.434,4.5,10.8,.412,2.6,5.3,.480,3.0,3.5,.863,0.6,5.3,6.0,4.0,1.9,0.3,1.9,2.7,21.5,118,112,0.79,0.12,0.67,2545320.0
23,Jarrett Allen,C,TOT,48,1387,21.1,3.7,1.7,5.4,.187,1.9,0.0,1.8,1.3,9,8.0,12.7,.630,0.2,0.5,.385,7.8,12.2,.639,5.8,8.2,.714,5.1,11.7,16.8,2.8,0.8,2.7,2.6,2.7,22.0,129,110,0.75,0.61,0.14,3909902.0
32,Al-Farouq Aminu,PF,TOT,19,384,9.4,-0.4,0.5,0.1,.012,-4.9,1.0,-3.9,-0.2,10,4.6,11.6,.396,0.9,4.1,.219,3.7,7.5,.492,2.0,2.4,.842,2.5,9.8,12.3,3.7,2.2,1.1,3.4,3.0,12.1,92,110,-1.89,-1.8,-0.09,9720900.0
41,Kyle Anderson,PF,MEM,54,1486,17.0,2.1,2.2,4.3,.139,1.2,1.7,2.9,1.8,11,7.7,16.7,.461,2.3,6.7,.340,5.4,10.0,.542,3.5,4.4,.783,1.4,9.0,10.4,6.4,2.2,1.4,2.2,3.0,21.1,116,108,0.19,-0.87,1.07,9505100.0
42,Giannis Antetokounmpo,PF,MIL,48,1618,28.9,5.3,2.7,8.0,.238,6.0,2.5,8.5,4.3,12,14.5,25.7,.564,1.5,5.1,.297,13.0,20.6,.630,9.4,13.7,.688,2.4,13.2,15.6,8.4,1.6,1.8,5.2,3.8,39.9,120,107,3.18,1.91,1.27,27528090.0
43,Thanasis Antetokounmpo,SF,MIL,45,478,11.3,0.1,0.6,0.7,.068,-3.1,-0.3,-3.3,-0.2,14,6.3,12.0,.525,0.7,2.4,.292,5.6,9.7,.582,1.8,3.8,.462,4.8,6.1,10.9,3.6,1.9,1.0,3.8,6.1,15.1,105,111,0.11,0.03,0.09,1701593.0
44,Carmelo Anthony,PF,POR,55,1385,14.1,1.0,0.6,1.5,.053,-0.5,-1.8,-2.3,-0.1,15,9.4,22.6,.413,3.5,9.1,.385,5.9,13.6,.432,4.1,4.6,.878,1.0,5.2,6.2,3.0,1.4,1.2,2.0,4.1,26.3,109,117,-1.98,-0.26,-1.71,2564753.0
45,Cole Anthony,PG,ORL,32,850,11.4,-0.6,0.6,0.0,.002,-2.4,-1.1,-3.5,-0.3,16,7.8,20.2,.384,1.9,6.3,.303,5.9,14.0,.420,3.6,4.2,.849,1.6,6.7,8.3,7.6,1.1,0.9,3.6,3.9,21.0,98,114,-1.16,-1.28,0.12,3285120.0
46,OG Anunoby,SF,TOR,37,1221,14.6,1.1,1.4,2.5,.100,0.1,0.3,0.4,0.7,17,7.9,16.6,.473,3.3,8.4,.393,4.5,8.2,.556,2.6,3.4,.765,2.1,6.2,8.3,3.0,2.3,1.0,2.6,4.0,21.6,112,111,1.44,0.1,1.34,3872215.0
47,Ryan Arcidiacono,PG,CHI,32,348,8.8,0.3,0.2,0.5,.071,-3.4,-0.2,-3.6,-0.1,18,4.8,12.6,.385,2.2,7.2,.308,2.6,5.4,.487,1.7,2.2,.750,0.6,6.5,7.1,5.9,1.0,0.0,1.0,5.0,13.6,113,115,1.28,-0.11,1.39,3000000.0
48,D.J. Augustin,PG,TOT,51,981,11.7,1.3,0.6,1.9,.091,-0.7,-1.2,-1.9,0.0,20,5.3,13.8,.385,3.2,8.6,.374,2.1,5.2,.402,3.3,3.6,.932,0.9,3.1,3.9,8.0,1.3,0.0,2.6,2.5,17.1,116,116,0.68,0.29,0.39,6666667.0
57,Deni Avdija,SF,WAS,53,1243,7.6,-0.1,1.2,1.1,.044,-3.6,-0.3,-3.9,-0.6,21,4.8,11.4,.417,2.0,6.2,.315,2.8,5.2,.540,1.0,1.6,.628,0.8,8.8,9.6,2.3,1.2,0.6,1.2,5.2,12.5,102,113,0.46,0.95,-0.49,4469160.0
58,Deandre Ayton,C,PHO,57,1746,20.4,4.2,2.8,7.0,.192,0.7,0.0,0.8,1.2,22,10.5,16.8,.625,0.1,0.6,.200,10.4,16.3,.640,3.2,4.2,.767,5.3,12.0,17.4,2.3,0.8,1.8,2.7,4.6,24.4,125,107,-0.14,0.63,-0.77,10018200.0
59,Udoka Azubuike,C,UTA,12,49,10.5,0.0,0.1,0.1,.109,-5.5,1.2,-4.3,0.0,23,4.0,7.0,.571,0.0,0.0,,4.0,7.0,.571,4.0,6.0,.667,4.0,8.9,12.9,0.0,1.0,4.0,3.0,7.9,11.9,109,105,-1.85,-1.4,-0.45,1977000.0
60,Dwayne Bacon,SG,ORL,57,1431,9.6,-0.2,0.8,0.6,.019,-3.6,-1.5,-5.0,-1.1,24,7.5,18.6,.403,1.7,5.7,.305,5.8,12.9,.446,3.5,4.2,.846,0.6,5.2,5.8,2.4,1.1,0.1,1.2,3.0,20.3,102,116,-2.53,-1.82,-0.71,1678854.0
61,Marvin Bagley III,PF,SAC,37,951,16.2,0.8,0.3,1.1,.056,-0.6,-2.9,-3.5,-0.4,25,10.5,21.0,.502,1.7,4.8,.354,8.8,16.1,.547,3.1,5.5,.560,4.6,9.3,13.9,1.8,0.9,1.0,2.5,4.5,25.9,109,118,-0.93,0.59,-1.53,8963640.0
62,LaMelo Ball,PG,CHO,41,1174,18.6,1.4,1.5,2.9,.119,1.9,0.8,2.7,1.4,26,9.8,21.8,.451,3.4,8.9,.375,6.5,12.8,.503,4.0,5.1,.789,2.2,7.7,9.9,10.4,2.7,0.6,4.8,4.8,27.0,111,110,-0.89,-0.15,-0.75,7839960.0
63,Lonzo Ball,PG,NOP,43,1347,15.2,1.5,1.0,2.6,.091,1.4,-0.1,1.4,1.2,27,7.8,18.8,.416,4.6,12.3,.373,3.2,6.5,.497,1.4,1.7,.792,0.9,5.6,6.5,8.6,2.2,0.9,3.0,3.1,21.6,113,114,1.67,1.87,-0.2,11003782.0
64,Mo Bamba,C,ORL,33,410,19.8,0.4,0.6,1.0,.120,0.4,0.1,0.5,0.3,28,10.6,21.7,.489,3.1,8.1,.382,7.5,13.6,.553,2.4,3.9,.606,5.2,12.0,17.3,2.0,0.7,3.8,2.5,6.5,26.7,111,109,-0.76,-0.82,0.06,5969040.0
65,Desmond Bane,SG,MEM,52,1160,12.5,1.3,1.1,2.4,.098,-0.7,-0.2,-0.9,0.3,29,7.6,16.0,.476,3.8,8.3,.460,3.8,7.7,.492,1.4,1.6,.825,0.8,5.8,6.6,3.6,1.4,0.4,1.9,4.2,20.4,116,113,0.83,0.1,0.73,1936440.0
66,Harrison Barnes,PF,SAC,54,1961,15.1,3.6,0.3,3.9,.096,1.2,-1.6,-0.3,0.8,30,7.1,14.5,.492,2.1,5.6,.374,5.0,8.8,.568,4.4,5.4,.826,1.5,7.3,8.8,4.5,1.1,0.2,2.1,1.8,20.8,122,120,0.54,0.49,0.05,22215909.0
67,RJ Barrett,SG,NYK,58,1978,13.7,0.8,2.5,3.2,.078,-1.1,-0.4,-1.5,0.3,31,9.5,21.2,.448,2.1,5.4,.383,7.4,15.8,.470,4.3,5.8,.736,1.6,6.8,8.3,4.3,1.1,0.4,2.9,3.9,25.4,106,110,0.86,0.21,0.65,8231760.0
68,Will Barton,SF,DEN,54,1701,12.0,0.9,1.3,2.3,.064,-0.8,-1.2,-2.0,0.0,32,7.4,17.4,.427,2.8,7.3,.386,4.6,10.1,.457,2.7,3.4,.788,1.1,5.3,6.4,5.1,1.4,0.7,2.7,2.7,20.3,108,114,0.31,0.38,-0.08,13920000.0
69,Nicolas Batum,SF,LAC,55,1563,13.1,2.4,1.9,4.4,.134,0.5,0.8,1.3,1.3,34,5.2,11.3,.458,3.1,7.5,.415,2.1,3.8,.542,1.4,1.6,.846,1.4,7.2,8.6,4.0,1.9,0.9,1.4,2.8,14.8,125,110,0.69,0.44,0.25,11608231.0
71,Aron Baynes,C,TOR,50,912,9.8,-0.1,0.9,0.8,.044,-3.8,-1.5,-5.2,-0.8,35,6.4,14.9,.431,1.2,4.9,.237,5.2,9.9,.527,1.4,2.0,.730,4.4,9.0,13.4,2.3,0.8,1.1,2.3,6.0,15.4,102,113,-2.48,-1.81,-0.67,6975610.0
72,Kent Bazemore,SF,GSW,56,997,10.5,-0.2,1.4,1.2,.058,-2.9,1.0,-1.9,0.0,36,6.2,13.9,.443,2.6,6.5,.406,3.5,7.4,.475,2.1,3.0,.698,1.1,6.7,7.8,4.1,2.3,1.2,3.1,5.8,17.0,101,109,2.04,0.49,1.54,2320044.0
73,Darius Bazley,PF,OKC,42,1302,9.5,-1.7,1.2,-0.5,-0.017,-3.1,-1.1,-4.2,-0.7,37,7.3,18.1,.401,2.3,8.0,.288,4.9,10.1,.491,2.7,3.8,.721,1.1,10.3,11.4,2.4,0.7,0.9,3.1,1.5,19.6,92,113,-2.44,-2.15,-0.29,2399160.0
74,Bradley Beal,SG,WAS,48,1700,23.1,3.4,1.3,4.7,.133,5.2,-1.5,3.7,2.4,38,14.3,29.5,.484,2.9,8.4,.343,11.4,21.1,.541,9.1,10.1,.895,1.5,4.6,6.1,6.1,1.5,0.5,4.3,3.1,40.5,114,114,-1.38,1.07,-2.45,28751775.0
75,Malik Beasley,SG,MIN,37,1214,14.7,0.9,0.3,1.2,.049,1.7,-2.3,-0.6,0.4,39,10.3,23.3,.440,5.0,12.5,.399,5.3,10.9,.487,2.6,3.1,.850,1.1,5.2,6.3,3.4,1.2,0.3,2.3,2.4,28.2,109,119,0.43,1.24,-0.81,13325895.0
76,Patrick Beverley,PG,LAC,31,726,12.9,1.2,0.9,2.1,.136,-0.3,0.9,0.6,0.5,43,5.6,12.9,.432,3.5,8.5,.416,2.0,4.4,.462,2.2,2.8,.805,1.8,5.7,7.6,4.4,1.8,1.6,1.8,6.6,17.0,122,110,2.65,0.61,2.04,13333333.0
77,Saddiq Bey,SF,DET,56,1440,12.6,1.4,1.2,2.6,.086,0.2,-1.0,-0.8,0.4,44,7.1,17.4,.412,4.5,11.8,.379,2.7,5.5,.481,3.0,3.5,.873,1.0,6.8,7.8,2.3,1.4,0.2,1.5,3.2,21.8,113,114,-0.58,-0.81,0.23,2689920.0
78,Khem Birch,C,TOT,53,1079,14.2,1.5,1.1,2.5,.112,-1.6,-0.5,-2.1,0.0,46,5.1,11.0,.459,0.3,1.1,.240,4.8,9.9,.484,3.2,4.3,.729,5.9,6.5,12.3,2.6,1.6,1.6,1.3,3.5,13.6,120,112,-1.28,-1.22,-0.06,3425463.0
96,Goga Bitadze,C,IND,37,419,18.2,0.6,0.6,1.3,.144,-1.3,1.1,-0.2,0.2,47,8.0,17.4,.458,1.7,6.4,.268,6.3,11.0,.567,3.9,5.1,.756,5.5,8.1,13.5,3.0,0.9,5.2,1.8,8.1,21.5,117,108,0.28,-0.26,0.54,2957520.0
97,Bismack Biyombo,C,CHO,51,1068,11.9,0.9,1.1,2.0,.088,-3.0,-0.1,-3.0,-0.3,48,5.1,8.9,.579,0.0,0.0,.000,5.1,8.8,.582,2.0,4.0,.483,4.7,7.4,12.1,3.0,0.7,2.6,2.4,5.2,12.2,114,112,-1.59,-1.72,0.13,2331593.0
98,Nemanja Bjelica,PF,TOT,34,526,11.6,0.3,0.2,0.5,.043,-2.2,-1.5,-3.6,-0.2,49,7.1,15.9,.448,1.8,6.8,.270,5.3,9.2,.580,3.0,4.1,.733,2.3,8.3,10.6,5.3,0.9,0.4,2.8,5.8,19.2,108,118,-1.39,0.16,-1.55,7150000.0
107,Eric Bledsoe,SG,NOP,56,1700,10.8,0.8,0.6,1.4,.040,-1.4,-1.7,-3.1,-0.5,50,6.6,16.3,.407,2.8,8.2,.345,3.8,8.1,.470,2.9,4.0,.734,0.7,4.8,5.5,5.9,1.1,0.5,2.6,2.6,19.0,108,118,-0.39,1.23,-1.62,16875000.0
108,Bol Bol,PF,DEN,24,119,13.8,0.0,0.1,0.1,.058,-1.1,0.5,-0.6,0.0,54,9.2,17.9,.512,3.8,7.9,.474,5.4,10.0,.542,2.9,5.0,.583,0.0,7.5,7.5,2.5,0.8,3.8,4.2,5.0,25.0,103,110,-1.38,-0.5,-0.88,2058240.0
109,Isaac Bonga,SF,WAS,35,398,4.2,-0.3,0.3,0.0,.004,-5.3,-0.9,-6.3,-0.4,57,3.1,8.3,.375,1.4,4.9,.286,1.7,3.5,.500,0.3,0.7,.500,2.0,5.3,7.3,2.4,1.0,0.9,2.1,6.5,8.0,91,114,0.92,-1.34,2.27,1663861.0
110,Devin Booker,SG,PHO,53,1791,19.3,2.1,2.0,4.1,.110,1.5,-1.0,0.5,1.1,58,13.6,28.1,.483,2.9,8.5,.347,10.6,19.6,.541,7.0,8.1,.861,0.6,5.5,6.1,6.6,1.3,0.4,4.6,4.1,37.1,110,112,1.87,3.0,-1.13,29430000.0
111,Chris Boucher,C,TOR,58,1405,22.3,4.1,2.1,6.2,.211,2.9,0.3,3.2,1.9,59,9.6,18.5,.520,3.0,7.7,.391,6.6,10.8,.613,5.1,6.5,.787,3.9,9.5,13.4,2.2,1.2,3.8,1.6,5.5,27.4,128,108,1.68,2.13,-0.45,6490385.0
112,Avery Bradley,SG,TOT,23,510,7.2,-0.2,0.4,0.2,.014,-4.4,-0.8,-5.2,-0.4,61,5.4,13.8,.390,2.7,8.1,.341,2.7,5.8,.459,1.1,1.4,.800,0.7,4.1,4.7,3.9,1.5,0.3,2.1,4.5,14.7,98,115,0.31,-0.24,0.55,5635000.0
121,Tony Bradley,C,TOT,33,543,20.9,1.5,0.8,2.3,.206,1.2,0.4,1.7,0.5,62,9.1,13.5,.673,0.0,0.3,.000,9.1,13.2,.687,2.6,3.6,.707,6.0,10.7,16.7,2.6,1.1,2.1,2.2,4.6,20.7,133,108,0.88,0.86,0.02,3542060.0
130,Ignas Brazdeikis,SF,TOT,5,15,-1.2,-0.1,0.0,0.0,-0.158,-11.5,-3.1,-14.6,0.0,64,0.0,13.0,.000,0.0,3.3,.000,0.0,9.8,.000,6.5,6.5,1.000,3.3,9.8,13.0,3.3,0.0,0.0,3.3,0.0,6.5,59,112,-0.18,-0.13,-0.05,1517981.0
139,Mikal Bridges,SF,PHO,57,1835,15.7,3.8,2.3,6.1,.159,1.8,0.7,2.5,2.1,65,7.4,14.1,.529,2.7,6.5,.417,4.7,7.6,.624,2.2,2.7,.822,1.7,5.2,6.8,3.3,1.4,1.3,1.3,2.4,19.8,128,110,1.58,1.13,0.45,4359000.0
140,Miles Bridges,PF,CHO,56,1576,13.9,1.7,1.5,3.3,.099,-0.4,-0.1,-0.5,0.6,66,7.3,14.4,.510,2.7,6.7,.397,4.7,7.6,.609,2.3,2.7,.872,2.1,8.0,10.1,3.5,1.1,1.3,2.8,3.6,19.7,115,113,0.75,1.11,-0.36,3934320.0
141,Malcolm Brogdon,PG,IND,51,1785,18.1,2.9,1.2,4.1,.109,3.1,-1.3,1.7,1.7,68,10.9,24.0,.454,3.6,9.2,.394,7.3,14.9,.492,3.6,4.2,.860,1.5,5.3,6.8,8.1,1.3,0.3,2.8,2.7,29.0,114,115,0.78,0.87,-0.09,20700000.0
142,Dillon Brooks,SF,MEM,52,1538,12.1,-0.4,1.5,1.1,.033,-2.6,-1.3,-4.0,-0.8,70,10.3,24.6,.418,3.0,8.9,.343,7.2,15.7,.460,3.6,4.3,.833,1.4,3.4,4.8,3.9,1.9,0.6,3.0,5.6,27.1,101,113,1.21,-0.21,1.42,11400000.0
143,Bruce Brown,PG,BRK,53,1180,15.1,2.0,1.2,3.1,.128,-1.0,-0.1,-1.1,0.3,71,7.5,14.1,.535,0.5,2.0,.250,7.0,12.1,.581,2.8,3.8,.750,3.6,7.1,10.8,3.6,2.0,0.8,1.9,4.9,18.4,121,113,-0.05,0.82,-0.87,1663861.0
144,Jaylen Brown,SG,BOS,53,1811,20.5,3.1,1.8,4.8,.128,3.8,-0.8,3.0,2.3,72,13.4,26.9,.496,3.9,9.7,.404,9.4,17.2,.548,4.6,6.1,.754,1.7,6.6,8.3,4.9,1.7,0.8,3.9,4.2,35.2,113,113,0.75,0.69,0.06,22991071.0
145,Moses Brown,C,OKC,29,605,18.2,0.8,0.9,1.7,.135,-1.5,-1.7,-3.2,-0.2,73,7.5,13.9,.540,0.0,0.0,,7.5,13.9,.540,4.5,7.3,.620,7.5,11.8,19.3,0.3,1.3,2.5,2.3,4.9,19.5,116,108,-0.58,0.04,-0.62,495102.0
146,Sterling Brown,SG,HOU,51,1229,11.2,1.0,1.0,2.0,.078,-1.7,0.0,-1.7,0.1,74,5.8,13.0,.448,3.5,8.3,.423,2.3,4.6,.492,1.0,1.2,.806,1.5,7.2,8.7,2.8,1.5,0.5,1.6,3.8,16.1,114,114,-0.37,-1.52,1.16,1678854.0
147,Troy Brown Jr.,SF,TOT,34,524,8.5,0.0,0.4,0.4,.040,-3.3,-1.0,-4.3,-0.3,75,5.6,12.9,.431,2.0,6.3,.314,3.6,6.6,.541,1.3,1.9,.714,1.8,7.6,9.4,2.6,0.9,0.5,1.9,4.4,14.4,103,114,-1.65,-0.6,-1.05,3372840.0
156,Jalen Brunson,PG,DAL,52,1330,16.9,3.0,0.8,3.8,.138,1.3,-0.9,0.4,0.8,76,9.3,17.6,.528,2.3,5.9,.392,7.0,11.8,.596,3.7,4.7,.780,0.8,6.1,6.9,6.6,1.0,0.0,2.5,3.3,24.6,122,115,0.39,-0.65,1.04,1663861.0
157,Thomas Bryant,C,WAS,10,271,18.8,0.7,0.2,1.0,.169,2.1,-1.7,0.4,0.2,77,10.0,15.5,.648,1.5,3.6,.429,8.5,11.9,.714,2.7,4.1,.667,3.1,7.3,10.4,2.6,0.7,1.4,1.9,5.3,24.3,131,114,-0.35,0.14,-0.49,8333333.0
158,Reggie Bullock,SF,NYK,51,1443,10.4,1.3,1.8,3.1,.103,-1.3,0.6,-0.7,0.5,78,6.3,14.4,.434,4.0,9.9,.401,2.3,4.5,.508,1.1,1.2,.889,0.4,5.5,5.9,2.4,1.4,0.3,1.2,4.0,17.6,115,110,-0.43,-0.7,0.28,4200000.0
159,Trey Burke,PG,DAL,49,700,13.1,0.7,0.5,1.2,.080,-0.9,-0.4,-1.3,0.1,79,8.3,18.8,.444,3.3,9.2,.362,5.0,9.6,.522,2.4,2.8,.850,0.4,2.7,3.0,4.7,1.9,0.2,1.8,3.5,22.4,112,115,-0.47,-0.04,-0.43,3174603.0
160,Alec Burks,SG,NYK,44,1134,14.6,1.4,1.6,3.0,.127,0.5,0.3,0.8,0.8,80,8.1,19.5,.414,3.9,9.6,.408,4.2,9.9,.420,4.2,4.9,.865,0.8,7.9,8.7,4.2,1.3,0.5,1.9,4.0,24.3,114,109,2.13,0.86,1.27,6000000.0
161,Jimmy Butler,SF,MIA,41,1383,26.4,5.0,2.3,7.3,.254,5.0,2.7,7.7,3.4,81,10.5,21.1,.495,0.7,2.9,.232,9.8,18.2,.537,9.9,11.6,.852,2.8,7.8,10.5,10.6,3.1,0.6,3.1,2.1,31.5,126,107,2.69,1.15,1.54,34379100.0
162,Bruno Caboclo,PF,HOU,6,36,9.1,-0.1,0.0,-0.1,-0.081,-8.5,-2.1,-10.6,-0.1,82,10.6,22.4,.471,0.0,6.6,.000,10.6,15.8,.667,1.3,2.6,.500,4.0,14.5,18.5,1.3,0.0,2.6,5.3,7.9,22.4,83,110,-0.09,-0.24,0.14,361256.0
163,Kentavious Caldwell-Pope,SG,LAL,54,1474,10.1,1.0,2.1,3.0,.098,-1.8,0.3,-1.6,0.2,84,5.6,13.1,.429,3.1,7.4,.420,2.5,5.8,.440,2.2,2.6,.848,0.8,4.0,4.8,2.9,1.4,0.6,1.8,2.9,16.6,111,109,1.56,0.86,0.7,12073020.0
164,Facundo Campazzo,PG,DEN,51,984,10.2,0.8,1.0,1.8,.087,-2.4,0.5,-1.9,0.0,85,4.1,10.7,.380,2.8,7.6,.373,1.3,3.2,.397,2.1,2.6,.824,0.7,3.4,4.1,7.3,2.6,0.5,2.6,5.1,13.1,114,113,-0.29,0.1,-0.39,3623000.0
165,Clint Capela,C,ATL,50,1518,25.1,4.1,2.7,6.8,.214,2.8,0.2,3.0,1.9,88,10.9,18.1,.601,0.0,0.0,,10.9,18.1,.601,3.5,6.0,.589,7.7,15.7,23.5,1.3,1.2,3.6,2.0,3.7,25.3,126,106,1.25,-0.75,2.0,16000000.0
166,Vernon Carey Jr.,C,CHO,12,75,8.4,-0.1,0.1,0.0,.007,-6.8,-1.7,-8.5,-0.1,89,7.8,16.2,.480,0.6,4.5,.143,7.1,11.7,.611,2.6,3.2,.800,1.3,9.7,11.0,1.3,0.6,1.9,3.2,7.1,18.8,94,112,-0.27,-0.33,0.06,1350000.0
167,Jevon Carter,PG,PHO,45,497,12.4,0.6,0.7,1.3,.122,-0.4,1.9,1.5,0.4,90,6.3,15.1,.421,3.9,10.6,.364,2.5,4.5,.556,0.2,0.4,.500,1.2,5.6,6.7,5.2,1.9,0.8,0.9,4.6,16.8,118,110,-0.26,-0.25,0.01,3549383.0
168,Wendell Carter Jr.,C,TOT,44,1131,17.8,1.8,1.4,3.2,.137,-0.5,-0.1,-0.7,0.4,91,8.4,15.9,.530,0.5,1.6,.324,7.9,14.3,.552,4.8,6.6,.734,4.6,10.6,15.2,3.9,1.3,1.5,2.9,5.3,22.2,117,110,-2.31,-1.31,-1.0,5448840.0
177,Michael Carter-Williams,SG,ORL,31,800,9.5,-1.0,0.7,-0.4,-0.022,-4.5,-0.1,-4.6,-0.5,92,6.4,16.5,.389,0.9,3.7,.246,5.5,12.8,.431,3.0,4.9,.613,2.4,6.1,8.5,7.9,1.5,1.0,4.2,4.9,16.7,93,114,1.16,-0.44,1.6,3000000.0
178,Alex Caruso,PG,LAL,48,975,10.8,0.2,1.8,2.0,.099,-2.7,2.4,-0.3,0.4,93,5.0,11.5,.433,2.2,5.4,.413,2.7,6.1,.451,1.8,2.7,.655,1.2,5.7,6.9,6.0,2.7,0.5,3.0,4.3,14.0,106,105,2.48,1.29,1.19,2750000.0
179,Willie Cauley-Stein,C,DAL,37,614,14.4,1.2,0.7,1.9,.149,-1.9,0.7,-1.3,0.1,94,6.4,10.4,.620,0.1,0.6,.125,6.4,9.7,.653,2.8,4.2,.673,3.2,9.2,12.5,2.1,0.9,2.3,1.4,6.8,15.8,130,111,1.56,0.65,0.91,4000000.0
180,Marquese Chriss,PF,GSW,2,27,11.9,-0.1,0.1,0.0,-0.034,-2.2,-1.0,-3.2,0.0,96,8.7,24.3,.357,1.7,8.7,.200,7.0,15.6,.444,3.5,7.0,.500,5.2,17.4,22.6,3.5,0.0,3.5,3.5,5.2,22.6,87,105,-0.79,-0.6,-0.2,1824003.0
181,Gary Clark,SF,TOT,37,641,6.1,-0.2,0.4,0.2,.012,-3.9,-0.9,-4.8,-0.5,97,3.0,10.0,.305,2.4,8.2,.287,0.7,1.8,.391,0.6,0.8,.800,2.5,6.1,8.6,2.3,0.9,0.5,1.3,2.6,9.1,97,116,-1.01,-0.31,-0.7,2000000.0
190,Brandon Clarke,PF,MEM,46,1165,17.1,1.8,1.6,3.4,.140,0.2,1.0,1.2,0.9,98,8.8,16.9,.518,0.8,2.6,.302,8.0,14.4,.557,2.5,3.8,.667,2.9,7.6,10.5,3.2,2.0,1.6,1.1,2.9,20.9,119,109,-0.43,-0.54,0.11,2602920.0
191,Jordan Clarkson,SG,UTA,54,1401,16.7,1.2,1.8,2.9,.101,1.9,-1.1,0.8,1.0,99,12.0,28.2,.425,5.7,16.3,.348,6.3,11.9,.529,3.1,3.3,.947,1.4,6.0,7.4,4.1,1.6,0.3,3.2,2.8,32.7,108,110,1.27,1.23,0.04,11500000.0
192,Nicolas Claxton,C,BRK,25,462,16.8,0.7,0.7,1.4,.148,-0.6,1.1,0.5,0.3,100,7.3,12.5,.583,0.1,0.5,.200,7.2,12.0,.600,2.4,4.8,.500,3.7,9.3,12.9,2.8,2.0,3.1,1.5,5.4,17.1,122,108,1.11,0.61,0.5,1517981.0
193,John Collins,PF,ATL,48,1443,20.6,3.8,1.4,5.2,.173,2.4,-0.4,1.9,1.4,102,11.5,21.0,.545,2.0,5.4,.377,9.4,15.6,.604,4.5,5.3,.840,3.4,9.1,12.5,2.3,0.9,1.7,2.0,5.3,29.5,125,113,1.9,1.65,0.25,4137302.0
194,Mike Conley,PG,UTA,46,1372,18.9,3.7,1.8,5.5,.191,3.4,0.6,4.0,2.1,103,9.2,20.5,.449,4.5,10.8,.416,4.7,9.6,.485,3.8,4.4,.855,1.2,4.3,5.4,9.4,2.2,0.3,3.2,3.2,26.6,123,110,3.43,1.65,1.78,34504132.0
195,Pat Connaughton,SG,MIL,54,1248,11.9,1.7,1.4,3.1,.120,-0.1,0.2,0.1,0.7,104,5.2,11.6,.446,3.1,8.0,.389,2.1,3.6,.573,0.9,1.3,.735,2.0,8.0,10.0,2.5,1.4,0.7,1.0,3.0,14.4,123,111,2.4,1.45,0.94,4938272.0
196,Quinn Cook,PG,TOT,23,157,12.8,0.1,0.1,0.2,.067,-1.2,-0.4,-1.5,0.0,105,9.1,21.2,.426,3.4,8.1,.423,5.6,13.1,.429,2.2,2.5,.875,0.6,4.7,5.3,5.6,1.2,0.3,2.2,3.1,23.7,107,113,-0.26,-0.41,0.15,1797183.0
214,DeMarcus Cousins,C,TOT,30,555,14.3,-0.3,0.9,0.6,.055,-2.1,1.7,-0.4,0.2,107,7.6,19.9,.379,3.4,10.4,.331,4.1,9.5,.432,4.0,5.6,.723,2.9,14.5,17.4,5.7,2.1,1.5,4.0,7.2,22.6,100,107,0.41,-0.68,1.09,2331593.0
223,Robert Covington,PF,POR,54,1732,11.8,1.0,1.8,2.8,.078,-1.4,1.4,0.0,0.9,108,4.7,11.4,.414,3.1,8.0,.385,1.6,3.4,.483,1.1,1.3,.809,1.2,8.9,10.1,2.6,2.4,1.9,1.7,4.1,13.6,112,112,2.73,2.46,0.28,12138345.0
224,Torrey Craig,SF,TOT,35,470,14.1,0.6,0.8,1.4,.139,-0.3,1.5,1.3,0.4,109,6.3,13.0,.484,2.4,6.1,.390,3.9,6.9,.567,0.6,1.0,.600,3.4,8.2,11.6,3.1,2.3,1.4,1.5,5.2,15.5,119,107,-1.82,-0.72,-1.1,1678854.0
233,Jae Crowder,PF,PHO,54,1494,11.7,1.2,2.0,3.1,.101,0.0,0.7,0.7,1.0,110,5.9,14.5,.405,4.3,11.0,.385,1.6,3.4,.471,1.7,2.2,.761,0.9,7.7,8.6,3.8,1.4,0.7,1.6,3.5,17.7,112,110,0.4,-0.89,1.29,9258000.0
234,Jarrett Culver,SG,MIN,34,499,8.8,-0.4,0.3,-0.1,-0.011,-4.8,-1.8,-6.6,-0.6,111,6.5,15.9,.411,1.2,5.0,.245,5.3,10.9,.487,2.7,4.5,.604,3.2,6.6,9.8,2.3,1.6,0.9,2.7,5.5,17.0,95,116,-0.6,-1.33,0.73,6104280.0
235,Seth Curry,SG,PHI,45,1306,11.7,1.3,1.4,2.6,.097,-0.8,-1.2,-2.0,0.0,112,7.3,16.4,.444,3.3,8.0,.410,4.0,8.4,.476,2.2,2.4,.894,0.3,3.1,3.5,4.8,1.3,0.3,2.1,2.9,20.0,113,112,2.14,1.9,0.24,7813953.0
236,Stephen Curry,PG,GSW,50,1701,26.9,5.7,1.8,7.5,.212,8.4,0.2,8.6,4.6,113,14.2,28.9,.491,7.2,16.6,.431,7.0,12.2,.573,7.8,8.4,.922,0.7,6.9,7.6,8.1,1.7,0.2,4.5,2.5,43.3,121,112,1.97,2.57,-0.6,43006362.0
237,Anthony Davis,PF,LAL,23,755,24.5,1.5,1.6,3.1,.198,4.3,2.1,6.4,1.6,115,13.1,24.6,.533,1.1,3.7,.293,12.0,20.9,.575,6.0,8.4,.715,3.0,9.4,12.4,4.5,2.0,2.6,2.9,2.7,33.3,116,102,1.72,1.01,0.71,32742000.0
238,Ed Davis,C,MIN,22,293,13.5,0.5,0.3,0.8,.132,-3.4,0.7,-2.7,-0.1,116,3.1,7.1,.432,0.0,0.0,,3.1,7.1,.432,1.6,1.9,.833,7.4,10.8,18.2,3.4,2.1,2.1,1.1,8.7,7.7,129,111,-0.81,-0.98,0.17,5005350.0
239,Terence Davis,SG,TOT,46,716,11.3,-0.1,0.5,0.4,.025,-1.7,-1.3,-3.0,-0.2,117,8.5,20.2,.423,4.3,11.8,.364,4.2,8.3,.508,1.6,1.9,.828,0.8,5.4,6.3,3.5,1.7,0.7,2.9,4.5,23.0,102,115,0.14,0.53,-0.39,1517981.0
248,DeMar DeRozan,PF,SAS,48,1629,22.0,4.9,1.4,6.2,.184,3.6,-0.1,3.5,2.3,120,10.5,21.2,.493,0.5,2.0,.273,9.9,19.2,.515,8.8,10.0,.881,1.0,5.2,6.3,10.3,1.3,0.4,2.7,2.9,30.2,123,114,-0.16,1.28,-1.43,27739975.0
249,Hamidou Diallo,SG-SF,TOT,43,989,14.7,0.4,1.1,1.5,.071,-2.1,0.0,-2.1,0.0,122,8.8,18.4,.479,1.0,2.8,.345,7.8,15.5,.503,5.0,7.7,.652,2.4,7.8,10.2,4.3,1.8,0.9,3.0,5.2,23.6,106,112,-0.81,-1.36,0.54,1663861.0
258,Gorgui Dieng,C,TOT,27,418,18.4,0.9,0.6,1.6,.182,1.0,1.3,2.3,0.5,123,6.9,13.5,.508,2.7,6.1,.453,4.1,7.4,.554,4.9,5.7,.860,3.4,9.2,12.6,3.8,2.2,1.7,2.7,5.2,21.4,126,108,-0.38,-0.06,-0.32,17587688.0
276,Spencer Dinwiddie,SG,BRK,3,64,10.2,0.0,0.1,0.1,.047,-3.4,2.0,-1.4,0.0,124,4.5,12.1,.375,1.5,5.3,.286,3.0,6.8,.444,4.5,4.5,1.000,0.0,9.8,9.8,6.8,1.5,0.8,3.8,3.0,15.1,103,112,1.23,0.27,0.96,11454048.0
277,Donte DiVincenzo,SG,MIL,53,1459,13.1,1.2,1.7,2.9,.096,-0.3,0.2,0.0,0.7,125,6.7,16.1,.416,3.4,8.9,.382,3.3,7.2,.459,1.3,1.8,.732,2.2,7.5,9.6,5.3,2.0,0.3,2.4,2.8,18.1,111,111,2.46,1.73,0.73,3044160.0
278,Luguentz Dort,SG,OKC,45,1332,10.8,-0.3,1.0,0.7,.025,-2.4,-0.7,-3.0,-0.3,127,7.8,19.2,.404,3.5,9.9,.351,4.3,9.4,.460,3.4,4.7,.727,1.1,4.8,5.8,2.6,1.6,0.6,2.4,4.1,22.5,101,114,0.2,0.59,-0.39,1517981.0
279,Damyean Dotson,SG,CLE,35,658,8.8,-0.2,0.3,0.1,.010,-2.8,-1.2,-4.0,-0.3,128,6.5,16.6,.394,2.4,8.6,.278,4.1,7.9,.519,1.6,2.4,.688,0.4,4.9,5.2,5.5,1.0,0.3,2.1,2.3,17.1,100,116,-1.85,-2.36,0.5,2000000.0
280,Sekou Doumbouya,PF,DET,46,612,5.1,-1.0,0.5,-0.4,-0.035,-6.3,-2.0,-8.3,-1.0,130,5.4,15.5,.345,1.7,7.0,.241,3.7,8.6,.430,2.5,3.4,.738,1.9,5.8,7.8,2.3,1.6,0.4,2.7,5.8,14.9,87,114,-2.94,-1.15,-1.79,3449400.0
281,Andre Drummond,C,TOT,32,894,19.4,-0.9,1.8,0.9,.050,-1.4,0.4,-1.0,0.2,133,11.6,24.6,.472,0.0,0.4,.000,11.6,24.1,.481,5.3,8.7,.608,6.5,15.4,21.9,4.2,2.8,1.8,5.5,5.4,28.5,97,103,-0.31,0.16,-0.47,29546311.0
299,Jared Dudley,PF,LAL,11,76,5.5,0.0,0.1,0.1,.081,-3.8,0.2,-3.6,0.0,134,1.3,4.5,.286,1.3,3.2,.400,0.0,1.3,.000,0.0,0.0,,2.6,9.6,12.1,3.2,0.6,0.6,1.3,4.5,3.8,107,108,0.12,-0.16,0.28,2564753.0
300,Kevin Durant,PF,BRK,24,784,26.2,2.4,0.8,3.2,.197,6.1,0.1,6.2,1.6,135,13.7,25.3,.543,3.8,8.1,.462,10.0,17.2,.581,9.0,10.4,.870,0.6,9.4,9.9,7.7,0.9,1.9,5.5,3.0,40.2,121,113,2.11,2.09,0.02,39058950.0
301,Anthony Edwards,SG,MIN,58,1814,12.5,-1.4,0.9,-0.5,-0.013,-1.7,-2.1,-3.8,-0.8,136,9.9,25.0,.397,3.4,10.5,.320,6.6,14.5,.453,4.2,5.3,.788,1.2,5.4,6.6,4.0,1.7,0.6,3.2,2.5,27.4,98,117,-1.86,-0.46,-1.4,9757440.0
302,Carsen Edwards,SG,BOS,23,202,12.4,0.2,0.1,0.4,.084,-2.4,-1.7,-4.1,-0.1,137,9.5,20.4,.464,3.2,10.7,.295,6.3,9.7,.650,1.7,2.2,.778,0.7,4.1,4.9,2.4,1.2,0.2,1.0,5.3,23.8,114,116,-0.53,0.44,-0.97,1517981.0
303,CJ Elleby,SF,POR,21,153,9.1,0.0,0.1,0.1,.027,-3.9,-1.5,-5.4,-0.1,138,6.1,15.7,.388,1.9,8.6,.222,4.2,7.0,.591,2.2,3.5,.636,2.6,4.5,7.0,1.3,1.9,1.0,1.0,6.4,16.3,104,117,-0.46,-0.5,0.04,898310.0
304,Henry Ellenson,PF,TOR,2,38,12.8,0.1,0.0,0.1,.132,-3.1,1.0,-2.1,0.0,139,6.3,17.8,.357,2.5,11.4,.222,3.8,6.3,.600,3.8,5.1,.750,3.8,11.4,15.2,6.3,0.0,0.0,0.0,8.9,19.0,121,114,0.19,-0.37,0.56,50000.0
305,Wayne Ellington,SG,DET,41,900,12.6,1.3,0.4,1.8,.094,1.5,-1.7,-0.3,0.4,140,7.4,16.5,.447,5.6,13.2,.424,1.7,3.2,.542,1.4,1.8,.788,0.7,3.6,4.3,3.2,0.8,0.5,1.5,3.1,21.7,119,117,-0.99,0.46,-1.44,3005225.0
307,Joel Embiid,C,PHI,39,1257,31.2,4.9,2.6,7.4,.284,6.9,1.4,8.3,3.3,141,13.9,27.1,.512,1.7,4.5,.378,12.2,22.6,.539,15.0,17.6,.853,3.2,13.3,16.6,4.7,1.5,2.1,4.6,3.5,44.5,123,103,3.25,1.85,1.4,29542010.0
308,Drew Eubanks,C,SAS,38,522,17.1,0.6,0.9,1.4,.133,-1.7,1.8,0.1,0.3,143,7.2,13.1,.553,0.1,0.1,1.000,7.2,13.0,.550,4.5,6.4,.696,4.0,11.1,15.1,3.0,1.2,3.5,3.0,5.0,19.1,114,106,-0.44,-0.08,-0.36,1620564.0
309,Dante Exum,SG,CLE,6,116,6.0,-0.1,0.1,0.0,-0.020,-4.8,1.7,-3.1,0.0,144,4.2,11.0,.385,0.8,4.7,.182,3.4,6.4,.533,0.4,0.8,.500,0.8,6.4,7.2,5.5,1.7,0.8,3.0,3.8,9.8,86,113,0.71,-0.27,0.98,9600000.0
310,Derrick Favors,C,UTA,54,840,19.7,2.4,1.7,4.1,.232,0.1,1.8,1.9,0.8,146,7.2,11.7,.619,0.0,0.1,.000,7.2,11.6,.622,3.1,4.2,.740,6.5,10.5,17.1,2.3,1.6,3.2,1.9,7.0,17.6,136,103,-0.73,-0.04,-0.69,9258000.0
311,Terrance Ferguson,SG,PHI,13,49,-7.1,-0.2,0.0,-0.2,-0.158,-12.1,-2.7,-14.8,-0.2,148,1.0,6.8,.143,0.0,4.9,.000,1.0,2.0,.500,0.0,0.0,,0.0,1.0,1.0,2.0,1.0,0.0,3.9,6.8,2.0,30,114,-0.51,-0.43,-0.09,3944013.0
312,Bruno Fernando,C,ATL,26,178,5.9,-0.3,0.2,-0.1,-0.016,-5.8,-0.6,-6.4,-0.2,149,3.3,7.7,.429,0.0,0.6,.000,3.3,7.2,.462,3.3,5.0,.667,3.6,14.1,17.7,2.5,0.6,0.8,5.0,5.5,10.0,86,112,-0.73,-0.59,-0.14,1517981.0
313,Dorian Finney-Smith,PF,DAL,45,1446,11.5,2.0,1.2,3.1,.104,-0.2,-0.1,-0.3,0.6,151,5.3,11.9,.445,2.9,7.7,.378,2.4,4.2,.569,0.8,1.0,.800,2.7,6.0,8.6,2.4,1.3,0.7,0.9,3.8,14.3,122,114,0.61,1.32,-0.71,4000000.0
314,Malachi Flynn,PG,TOR,33,569,9.7,-0.2,0.5,0.3,.027,-3.5,0.0,-3.5,-0.2,153,6.0,17.0,.353,2.5,8.0,.316,3.5,9.0,.387,1.4,1.9,.739,0.6,5.3,5.8,7.5,2.1,0.4,2.1,3.3,16.0,99,113,-1.13,-1.13,0.01,1950600.0
315,Bryn Forbes,SG,MIL,56,1078,11.9,1.4,0.6,1.9,.086,0.0,-2.0,-2.0,0.0,154,8.3,18.3,.456,5.2,11.8,.437,3.2,6.5,.490,1.6,2.1,.766,0.4,3.1,3.5,1.5,0.8,0.0,1.4,2.6,23.4,116,116,-0.88,0.59,-1.47,2337145.0
316,Evan Fournier,SF-SG,TOT,30,902,17.5,1.3,0.7,2.0,.107,1.6,-0.5,1.1,0.7,156,10.1,22.0,.457,4.5,11.4,.398,5.5,10.6,.520,5.5,6.9,.795,0.3,4.2,4.4,5.5,1.7,0.6,3.1,3.5,30.2,114,115,0.54,1.53,-0.99,17000000.0
325,Markelle Fultz,PG,ORL,8,215,12.0,-0.2,0.2,-0.1,-0.018,-2.9,-1.7,-4.6,-0.1,160,9.3,23.6,.394,0.9,3.6,.250,8.4,20.0,.420,3.9,4.3,.895,1.1,4.5,5.7,9.8,1.8,0.5,4.1,4.1,23.4,96,115,-0.51,0.03,-0.53,12288697.0
326,Wenyen Gabriel,PF,NOP,9,42,1.4,-0.2,0.0,-0.2,-0.194,-7.4,-4.1,-11.5,-0.1,161,2.3,12.7,.182,1.2,5.8,.200,1.2,6.9,.167,2.3,4.6,.500,8.1,8.1,16.1,5.8,1.2,0.0,8.1,2.3,8.1,69,117,0.2,0.04,0.16,1620564.0
327,Daniel Gafford,PF-C,TOT,39,520,21.2,1.2,0.9,2.1,.191,0.3,1.9,2.2,0.6,162,9.0,13.1,.685,0.0,0.0,,9.0,13.1,.685,3.8,5.9,.646,5.2,8.4,13.6,1.8,1.5,4.6,2.7,6.0,21.8,127,107,-0.31,-0.47,0.16,1517981.0
336,Danilo Gallinari,PF,ATL,39,935,15.8,1.9,0.7,2.6,.133,1.3,-0.9,0.4,0.6,163,8.3,19.4,.425,4.4,10.7,.407,3.9,8.7,.448,6.6,7.1,.933,0.6,7.7,8.3,2.9,1.2,0.4,2.0,4.2,27.5,121,115,1.1,1.34,-0.24,19500000.0
337,Langston Galloway,SG,PHO,34,377,12.6,0.6,0.3,0.9,.117,0.5,-0.8,-0.3,0.2,164,7.4,15.8,.471,4.2,9.3,.451,3.3,6.5,.500,2.2,2.2,1.000,0.7,3.9,4.6,3.1,0.8,0.0,1.4,3.0,21.3,122,114,-0.47,-0.34,-0.13,2028594.0
338,Darius Garland,PG,CLE,47,1578,13.7,0.2,0.9,1.1,.034,-0.1,-1.9,-2.0,0.0,165,9.7,21.8,.447,2.8,7.2,.397,6.9,14.6,.471,2.9,3.5,.838,0.7,2.8,3.5,8.9,1.7,0.2,4.4,3.2,25.2,104,116,-1.62,-0.25,-1.37,6720720.0
339,Marc Gasol,C,LAL,44,859,12.0,0.5,1.7,2.3,.126,-1.4,3.1,1.7,0.8,166,4.5,10.2,.444,2.4,6.3,.387,2.1,3.9,.536,1.9,2.5,.750,1.9,8.2,10.1,5.2,1.3,3.0,2.9,5.6,13.3,111,104,-0.88,-0.71,-0.17,2564753.0
340,Rudy Gay,PF,SAS,49,1064,14.5,0.0,1.5,1.5,.067,-0.2,0.0,-0.3,0.5,167,9.1,21.8,.418,3.6,9.5,.380,5.5,12.4,.446,2.8,3.6,.795,1.6,9.5,11.2,3.4,1.6,1.4,2.2,4.2,24.7,103,109,1.51,-0.09,1.6,14000000.0
341,Paul George,SF,LAC,44,1477,22.0,3.3,1.8,5.1,.165,5.0,-0.3,4.7,2.5,168,12.3,25.7,.480,4.9,11.1,.437,7.5,14.6,.513,5.2,5.9,.886,1.3,7.9,9.2,8.1,1.7,0.7,4.8,3.5,34.8,116,111,3.75,2.03,1.72,35450412.0
342,Taj Gibson,PF,NYK,31,642,14.9,1.1,1.2,2.3,.173,-1.5,2.0,0.5,0.4,169,4.7,8.1,.587,0.2,1.1,.214,4.5,7.0,.644,2.3,3.4,.682,5.2,8.0,13.2,1.8,1.9,2.4,1.4,5.2,12.0,131,105,0.83,0.66,0.17,3283684.0
344,Shai Gilgeous-Alexander,SG,OKC,35,1180,21.8,2.8,0.9,3.7,.149,3.8,0.0,3.8,1.7,171,11.6,22.9,.508,2.9,6.9,.418,8.7,16.0,.547,7.5,9.3,.808,0.8,5.9,6.7,8.4,1.1,0.9,4.3,2.8,33.6,118,114,-0.74,0.93,-1.67,4141320.0
345,Anthony Gill,PF,WAS,18,95,8.2,0.0,0.1,0.1,.038,-4.5,-0.9,-5.5,-0.1,172,3.4,10.2,.333,1.0,5.8,.167,2.4,4.4,.556,1.9,2.4,.800,4.4,8.7,13.1,1.9,1.9,1.0,1.9,5.3,9.7,98,110,-0.52,-0.82,0.3,898310.0
346,Rudy Gobert,C,UTA,57,1771,23.7,5.1,4.1,9.2,.249,2.1,2.6,4.7,3.0,174,8.6,12.8,.671,0.0,0.1,.000,8.6,12.7,.675,5.4,8.8,.616,5.3,15.9,21.1,2.1,0.9,4.5,2.5,3.7,22.6,131,101,4.01,2.04,1.96,26525281.0
347,Brandon Goodwin,PG,ATL,38,465,9.7,0.0,0.3,0.2,.026,-2.4,-0.5,-2.9,-0.1,175,6.7,17.5,.382,2.9,8.3,.346,3.8,9.2,.414,2.1,3.4,.625,0.6,4.7,5.3,7.3,1.5,0.0,2.6,3.4,18.3,103,116,-0.05,-0.7,0.66,1701593.0
348,Aaron Gordon,PF,TOT,37,1057,15.3,0.6,1.0,1.5,.069,0.7,0.1,0.8,0.8,176,8.4,18.1,.463,2.3,6.6,.350,6.0,11.4,.528,3.8,5.9,.646,2.6,7.8,10.4,6.3,1.2,1.3,3.8,3.2,22.8,107,113,0.85,0.41,0.44,18136364.0
357,Eric Gordon,SG,HOU,27,789,14.6,0.6,0.3,0.9,.055,0.9,-1.5,-0.6,0.3,177,9.6,22.1,.433,4.2,12.6,.329,5.4,9.5,.573,5.7,6.9,.825,0.5,3.0,3.5,4.3,0.8,0.8,3.1,2.7,29.0,109,118,-0.02,0.3,-0.32,16869276.0
358,Jerami Grant,SF,DET,50,1717,17.0,1.7,1.4,3.1,.088,2.1,-1.1,1.0,1.3,179,10.6,24.8,.428,3.1,8.8,.354,7.5,16.0,.469,7.7,9.0,.860,1.0,5.7,6.7,4.1,1.0,1.6,2.9,3.3,32.0,110,114,0.07,-0.14,0.21,19047619.0
359,Danny Green,SF,PHI,56,1598,12.2,1.4,2.6,3.9,.119,0.3,1.3,1.7,1.5,180,5.6,13.3,.421,4.4,10.6,.415,1.2,2.7,.444,0.7,1.0,.758,1.4,4.9,6.3,2.8,2.2,1.4,1.8,3.1,16.3,114,107,1.2,1.29,-0.09,15365854.0
360,Draymond Green,PF,GSW,50,1538,12.4,0.4,2.4,2.9,.089,-2.2,2.9,0.7,1.1,181,3.9,9.3,.416,0.8,3.2,.260,3.1,6.1,.498,1.6,2.0,.773,1.3,8.7,10.0,13.0,2.5,1.2,4.4,4.8,10.1,106,107,2.39,2.32,0.07,22246956.0
361,JaMychal Green,PF,DEN,44,820,15.0,1.3,0.9,2.1,.126,0.0,-1.6,-1.6,0.1,182,8.2,17.2,.477,3.8,9.1,.413,4.5,8.2,.548,2.3,2.7,.844,3.9,9.4,13.3,2.1,1.4,0.9,2.5,7.0,22.5,118,112,1.16,0.95,0.2,7199760.0
362,Javonte Green,SG-PG,TOT,29,371,11.2,0.3,0.4,0.7,.089,-2.2,0.9,-1.3,0.1,183,5.3,10.2,.519,0.9,3.0,.304,4.4,7.1,.611,2.6,4.0,.667,2.9,4.8,7.7,1.7,2.6,0.5,2.1,4.6,14.1,114,112,-0.76,-0.66,-0.1,1517981.0
371,Jeff Green,C,BRK,53,1408,12.0,1.9,0.9,2.7,.093,-0.5,-1.1,-1.6,0.1,184,6.5,13.5,.486,2.5,6.2,.403,4.0,7.3,.557,2.9,3.9,.761,0.9,5.9,6.7,2.8,1.0,0.7,1.5,3.1,18.5,119,116,0.33,2.01,-1.68,2564753.0
372,Josh Green,SG,DAL,28,284,7.1,-0.2,0.2,0.1,.010,-4.5,-0.5,-5.0,-0.2,185,4.5,10.4,.433,0.3,3.0,.118,4.2,7.5,.558,1.6,2.6,.600,3.1,6.1,9.2,2.4,1.2,0.5,2.6,3.5,11.0,96,114,0.02,-0.46,0.48,2816760.0
373,Blake Griffin,PF,TOT,31,844,11.1,0.2,0.7,0.9,.051,-1.3,-0.5,-1.8,0.0,186,6.3,16.3,.388,2.9,8.7,.333,3.4,7.6,.450,3.6,5.0,.724,0.8,8.0,8.7,6.0,1.3,0.4,2.7,3.8,19.1,105,113,-0.64,-0.56,-0.08,33685241.0
391,Rui Hachimura,PF,WAS,47,1492,10.9,0.3,1.2,1.4,.045,-2.3,-1.5,-3.7,-0.7,188,7.6,16.2,.467,1.1,3.6,.316,6.4,12.6,.510,3.3,4.4,.759,1.3,7.0,8.3,2.2,1.2,0.1,1.9,3.2,19.6,105,114,-0.94,-0.88,-0.06,4692840.0
392,Tyrese Haliburton,PG,SAC,51,1525,16.0,2.5,0.4,2.9,.092,1.7,-0.7,0.9,1.1,190,7.9,16.6,.473,3.3,8.0,.411,4.6,8.6,.531,1.3,1.5,.837,1.1,3.7,4.9,8.0,2.1,0.8,2.4,2.5,20.3,119,119,-0.54,-0.05,-0.49,3831840.0
393,R.J. Hampton,PG-SG,TOT,37,502,9.2,-0.3,0.4,0.1,.011,-4.2,-1.1,-5.3,-0.4,193,6.8,15.7,.431,1.3,4.8,.265,5.5,10.9,.505,2.3,3.4,.657,1.8,7.9,9.7,3.2,1.5,0.5,2.8,3.6,17.0,96,113,-2.39,-1.45,-0.94,2193480.0
402,Tim Hardaway Jr.,SG,DAL,55,1560,14.7,2.0,0.9,2.9,.088,1.4,-1.8,-0.4,0.6,194,9.7,22.1,.440,4.9,12.8,.386,4.8,9.3,.514,3.2,4.0,.800,0.5,5.3,5.8,2.9,0.8,0.3,1.6,2.6,27.5,113,116,-1.05,0.22,-1.27,18975000.0
403,James Harden,PG-SG,TOT,42,1558,24.6,5.2,1.6,6.8,.209,6.1,0.4,6.5,3.3,195,10.3,22.3,.463,3.6,10.1,.358,6.7,12.2,.549,8.5,9.8,.870,1.1,9.3,10.4,14.1,1.5,0.9,5.3,2.9,32.7,122,112,1.21,2.55,-1.34,40824000.0
412,Maurice Harkless,PF-SF,TOT,23,386,6.9,0.1,0.2,0.3,.033,-3.7,-0.1,-3.7,-0.2,196,3.5,8.8,.400,1.5,5.3,.286,2.0,3.5,.571,1.6,2.1,.765,0.9,4.5,5.4,2.8,1.5,1.5,1.4,5.8,10.2,105,116,-0.87,-0.87,0.01,3623000.0
421,Montrezl Harrell,C,LAL,58,1398,22.4,4.0,2.5,6.5,.221,2.3,0.3,2.6,1.6,198,11.4,18.4,.616,0.0,0.3,.000,11.4,18.1,.628,5.3,7.5,.713,4.8,8.4,13.3,2.3,1.4,1.5,2.3,3.7,28.1,126,106,1.19,0.17,1.03,9258000.0
422,Gary Harris,SG,TOT,24,709,9.5,0.4,0.4,0.8,.056,-2.4,-1.6,-4.0,-0.4,199,6.0,14.3,.420,2.1,6.1,.341,3.9,8.2,.479,2.6,3.3,.787,1.0,2.7,3.8,3.3,1.4,0.5,1.5,3.3,16.7,110,116,1.41,1.12,0.29,19160714.0
431,Joe Harris,SF,BRK,57,1750,14.8,3.9,0.9,4.7,.129,2.1,-1.4,0.7,1.2,201,8.2,16.0,.512,4.9,10.3,.477,3.3,5.7,.576,1.1,1.4,.769,1.0,4.6,5.6,2.9,1.1,0.3,1.3,3.1,22.4,129,117,2.1,1.94,0.17,16071429.0
432,Tobias Harris,PF,PHI,49,1631,20.7,3.6,2.6,6.2,.182,3.2,0.9,4.1,2.5,202,11.4,22.0,.521,2.1,5.1,.407,9.4,16.9,.555,4.6,5.1,.886,1.4,8.9,10.4,5.2,1.3,1.3,2.7,2.9,29.5,120,107,1.78,0.23,1.54,33517241.0
433,Shaquille Harrison,SG,TOT,19,76,6.0,-0.1,0.1,0.0,-0.029,-6.5,-0.8,-7.3,-0.1,203,5.1,15.4,.333,0.0,1.3,.000,5.1,14.2,.364,3.2,3.9,.833,1.9,4.5,6.4,6.4,1.9,0.0,3.9,3.2,13.5,88,111,-1.49,-1.12,-0.37,770433.0
442,Josh Hart,SF,NOP,47,1349,12.3,1.5,1.1,2.6,.092,-1.1,0.0,-1.1,0.3,204,5.4,12.4,.439,2.3,6.9,.326,3.2,5.4,.583,2.5,3.2,.775,1.9,11.6,13.5,3.9,1.4,0.4,1.8,4.0,15.6,117,114,-0.33,0.75,-1.08,3491159.0
443,Isaiah Hartenstein,C,TOT,41,489,18.3,0.6,0.8,1.5,.143,-2.7,1.2,-1.5,0.1,205,8.0,14.5,.552,0.2,0.5,.400,7.8,14.0,.558,4.2,6.8,.627,6.1,10.6,16.7,4.6,1.8,3.7,3.9,9.3,20.4,114,106,1.25,0.08,1.17,1445697.0
452,Jaxson Hayes,C,NOP,45,666,17.6,1.6,0.5,2.2,.157,-0.3,-0.2,-0.5,0.2,206,8.1,12.3,.657,0.2,0.4,.500,7.9,11.9,.663,4.2,5.5,.763,4.4,8.2,12.6,1.8,1.2,1.7,2.3,5.7,20.6,132,114,-0.35,-0.53,0.18,5105160.0
453,Killian Hayes,PG,DET,14,315,5.7,-0.8,0.3,-0.5,-0.072,-6.3,-0.6,-6.9,-0.4,207,5.3,15.1,.351,1.2,5.1,.242,4.0,10.0,.406,1.1,1.2,.875,0.6,4.4,5.0,9.3,2.2,0.8,5.4,4.2,12.9,82,113,-0.66,-0.4,-0.26,5307120.0
454,Gordon Hayward,SF,CHO,44,1496,17.6,2.3,1.4,3.7,.118,1.9,-0.5,1.4,1.3,208,10.1,21.4,.473,2.8,6.7,.415,7.3,14.7,.499,5.1,6.0,.843,1.2,7.2,8.4,5.9,1.7,0.5,3.0,2.4,28.0,114,113,0.53,0.54,0.01,28500000.0
455,Tyler Herro,SG,MIA,46,1430,12.3,-0.5,1.6,1.0,.035,-1.1,-1.2,-2.3,-0.1,211,8.8,20.9,.422,2.9,8.7,.331,6.0,12.2,.487,3.0,3.7,.815,0.8,7.0,7.8,5.5,1.2,0.6,3.1,2.0,23.6,100,112,-1.24,-1.11,-0.13,3822240.0
456,Buddy Hield,SG,SAC,56,1923,12.0,0.9,0.2,1.2,.029,0.4,-1.9,-1.5,0.2,212,7.9,19.6,.400,5.5,14.5,.382,2.3,5.2,.449,1.7,2.1,.833,0.5,5.7,6.3,4.3,1.2,0.5,2.4,3.5,23.0,107,120,-1.05,0.97,-2.02,24431818.0
457,George Hill,PG,TOT,15,387,15.3,0.7,0.2,1.0,.119,0.6,-0.5,0.0,0.2,213,7.6,15.4,.496,2.7,7.2,.379,4.9,8.3,.597,2.6,3.1,.840,1.1,2.7,3.8,5.6,1.5,0.5,1.7,1.5,20.6,123,116,0.77,0.73,0.03,9590602.0
466,Solomon Hill,PF,ATL,56,1156,7.2,0.2,0.8,1.0,.042,-2.7,0.1,-2.6,-0.2,214,3.9,10.4,.373,2.6,7.6,.335,1.3,2.8,.477,1.0,1.3,.767,1.4,5.0,6.5,2.3,1.7,0.4,1.4,3.9,11.3,106,115,-0.87,0.29,-1.15,2174318.0
467,Aaron Holiday,PG,IND,55,958,8.8,-0.5,0.6,0.1,.003,-3.4,-1.1,-4.5,-0.6,217,7.2,18.3,.391,2.9,7.8,.372,4.3,10.5,.406,2.5,3.2,.797,0.4,2.9,3.4,4.4,1.7,0.4,2.5,4.2,19.7,98,116,0.01,1.18,-1.19,2345640.0
468,Jrue Holiday,PG,MIL,45,1436,19.9,3.2,1.8,5.0,.168,2.7,0.9,3.6,2.0,218,10.1,20.0,.506,2.8,7.0,.404,7.3,13.1,.560,2.5,3.0,.837,1.9,4.8,6.7,8.1,2.6,0.8,3.1,2.5,25.6,120,110,1.5,1.15,0.35,26131111.0
469,Justin Holiday,SG,IND,57,1772,10.1,0.9,1.4,2.3,.063,-0.9,-0.3,-1.2,0.4,219,5.5,13.6,.406,3.7,9.9,.371,1.9,3.7,.500,1.4,1.8,.779,0.7,4.8,5.5,2.5,1.9,0.6,1.2,3.0,16.1,110,114,1.04,-0.24,1.28,5720400.0
470,Richaun Holmes,C,SAC,50,1499,20.3,4.1,1.1,5.2,.166,0.7,-0.2,0.5,1.0,221,9.5,14.8,.641,0.1,0.3,.200,9.4,14.5,.651,3.5,4.4,.797,4.1,10.2,14.3,2.7,1.1,2.6,2.0,5.8,22.6,132,115,1.93,1.92,0.01,5005350.0
471,Rodney Hood,SF,TOT,48,883,5.4,-0.7,0.2,-0.5,-0.028,-5.3,-2.0,-7.3,-1.2,222,5.0,13.6,.364,1.8,6.0,.306,3.1,7.7,.410,1.0,1.3,.826,1.2,3.9,5.0,2.8,1.2,0.4,1.9,3.9,12.8,93,119,-1.74,-0.71,-1.03,10047450.0
480,Al Horford,C,OKC,28,782,17.6,0.8,0.9,1.7,.105,1.9,1.4,3.3,1.0,223,9.9,22.0,.450,3.4,9.3,.368,6.5,12.7,.510,1.1,1.3,.818,1.8,9.7,11.5,5.7,1.5,1.6,1.8,2.9,24.3,111,111,-0.34,-1.67,1.33,27500000.0
481,Talen Horton-Tucker,SG,LAL,53,1051,13.0,-0.1,1.9,1.8,.082,-2.6,1.5,-1.1,0.3,224,8.4,18.8,.446,1.4,5.2,.274,7.0,13.6,.512,3.7,4.6,.808,1.0,5.9,6.8,6.2,2.4,0.9,3.6,4.8,21.9,102,105,-1.58,-1.04,-0.54,1517981.0
482,Dwight Howard,C,PHI,55,955,16.3,0.6,2.1,2.7,.138,-3.2,0.4,-2.8,-0.2,226,6.7,11.6,.580,0.2,0.8,.250,6.5,10.8,.605,4.8,8.2,.579,7.3,15.6,22.9,2.1,1.2,2.6,4.9,8.4,18.4,109,102,-1.12,-1.16,0.04,2564753.0
483,Kevin Huerter,SG,ATL,57,1773,12.3,1.8,1.2,3.0,.081,-0.6,0.0,-0.6,0.6,228,7.3,16.8,.432,3.3,8.9,.372,3.9,7.9,.500,1.3,1.5,.818,0.9,4.4,5.4,5.6,1.8,0.4,1.9,3.8,19.1,113,115,-1.72,0.21,-1.93,2761920.0
484,Elijah Hughes,SF,UTA,12,42,13.2,0.0,0.1,0.0,.039,0.3,-0.1,0.2,0.0,229,9.3,23.2,.400,7.0,17.4,.400,2.3,5.8,.400,3.5,4.6,.750,0.0,8.1,8.1,4.6,1.2,1.2,5.8,1.2,29.0,99,109,-0.66,-0.44,-0.22,898310.0
485,Chandler Hutchison,SF,TOT,13,176,2.9,-0.5,0.2,-0.3,-0.086,-8.2,-1.6,-9.8,-0.3,231,4.8,14.4,.333,0.8,3.5,.231,4.0,10.9,.366,2.4,2.9,.818,1.1,10.4,11.4,2.4,1.1,0.0,3.7,4.5,12.8,76,113,0.3,0.01,0.31,2443440.0
494,Serge Ibaka,C,LAC,39,919,17.6,1.5,1.2,2.7,.141,1.0,-0.5,0.4,0.6,232,9.5,18.7,.507,2.0,5.8,.352,7.4,12.9,.577,2.0,2.4,.822,3.7,10.4,14.0,3.7,0.5,2.5,2.4,4.0,23.0,117,110,1.1,1.01,0.09,9258000.0
495,Andre Iguodala,SF,MIA,52,1117,9.8,0.0,1.7,1.7,.073,-2.3,2.1,-0.3,0.5,233,3.7,9.7,.385,2.4,7.3,.329,1.3,2.4,.556,1.0,1.5,.647,1.5,7.1,8.6,5.1,2.3,1.2,2.4,3.2,10.8,103,108,-0.35,-1.01,0.66,15000000.0
496,Joe Ingles,SF,UTA,53,1438,17.2,4.3,1.7,6.0,.201,3.5,1.1,4.5,2.4,235,7.5,14.3,.522,5.0,10.3,.490,2.4,4.0,.605,2.0,2.3,.868,0.7,5.8,6.6,7.8,1.3,0.3,2.9,3.4,22.0,134,111,2.04,1.88,0.16,10863637.0
497,Brandon Ingram,SF,NOP,52,1805,19.8,3.8,0.9,4.7,.125,3.9,-1.3,2.5,2.0,236,11.9,25.4,.466,3.3,8.7,.382,8.5,16.7,.510,6.7,7.5,.886,0.8,6.1,6.9,6.7,1.0,0.9,3.5,2.7,33.7,116,117,0.02,1.43,-1.41,27285000.0
498,Kyrie Irving,PG,BRK,41,1440,24.7,4.7,1.1,5.8,.195,5.7,-0.7,5.0,2.5,237,14.3,28.1,.511,3.7,9.5,.389,10.6,18.5,.573,5.1,5.6,.916,1.5,5.1,6.5,8.4,1.7,0.8,3.2,3.7,37.5,122,114,2.34,2.3,0.05,33329100.0
499,Josh Jackson,SG,DET,53,1313,12.5,-1.1,1.4,0.3,.011,-2.3,-0.8,-3.1,-0.4,240,9.6,22.6,.425,2.5,8.0,.313,7.1,14.6,.487,4.9,6.7,.732,1.8,6.4,8.2,4.1,1.8,1.4,4.4,5.6,26.6,97,112,0.26,-1.74,1.99,4767000.0
500,Justin Jackson,SF,OKC,33,544,10.8,-0.1,0.3,0.2,.022,-2.0,-1.0,-2.9,-0.1,241,7.5,18.6,.406,3.0,9.7,.306,4.6,8.9,.515,2.6,3.1,.857,1.2,5.0,6.2,4.5,1.3,0.2,2.7,2.7,20.7,102,115,-1.16,-1.16,0.01,5029650.0
501,Reggie Jackson,SG,LAC,56,1263,14.3,2.0,1.1,3.1,.119,0.3,-0.5,-0.2,0.6,242,8.4,18.4,.455,3.7,8.5,.433,4.7,9.9,.474,2.3,2.9,.800,0.8,5.5,6.3,6.7,1.3,0.2,2.4,4.4,22.8,117,113,0.11,1.61,-1.5,2331593.0
502,Justin James,SF,SAC,25,151,7.5,0.0,0.0,-0.1,-0.018,-3.3,-2.5,-5.7,-0.1,243,5.7,13.3,.429,1.6,5.4,.294,4.1,7.9,.520,1.6,3.8,.417,1.0,2.5,3.5,4.8,1.0,0.3,1.9,3.2,14.6,101,123,-0.33,-0.24,-0.09,1517981.0
503,LeBron James,PG,LAL,41,1388,24.6,3.0,2.6,5.6,.193,6.1,1.7,7.8,3.4,244,13.6,26.4,.513,3.4,9.3,.368,10.1,17.1,.592,5.9,8.4,.703,0.8,10.5,11.3,11.3,1.5,0.8,5.3,2.3,36.5,115,105,3.49,1.64,1.85,39219565.0
504,DaQuan Jeffries,SG,TOT,21,249,8.1,0.0,0.0,0.1,.017,-3.2,-1.6,-4.7,-0.2,245,5.0,11.7,.426,1.9,6.0,.323,3.1,5.8,.533,1.2,1.3,.857,1.9,3.8,5.8,1.7,1.3,1.2,1.5,4.4,13.1,106,120,0.97,0.72,0.25,1445697.0
513,Ty Jerome,SG,OKC,25,609,12.0,0.4,0.4,0.8,.063,-0.7,-0.8,-1.5,0.1,246,7.0,16.7,.418,4.2,10.2,.408,2.8,6.5,.434,1.4,2.0,.720,0.8,4.9,5.7,7.1,1.2,0.3,2.7,3.5,19.5,109,116,-0.33,-0.34,0.01,2303040.0
514,Isaiah Joe,SG,PHI,30,284,8.1,0.1,0.3,0.4,.066,-3.0,-1.1,-4.1,-0.1,247,5.4,16.0,.337,4.2,12.7,.333,1.2,3.4,.350,1.4,1.5,.889,1.0,3.9,4.9,2.9,1.4,0.7,1.0,4.6,16.4,105,111,-0.28,-0.04,-0.23,898310.0
515,Cameron Johnson,PF,PHO,51,1184,13.1,1.4,1.3,2.8,.112,0.9,-0.2,0.7,0.8,249,7.4,16.5,.446,4.4,11.4,.387,3.0,5.1,.577,1.7,2.0,.872,1.1,5.7,6.8,3.1,1.2,0.6,1.5,3.1,20.8,116,111,2.92,0.83,2.09,4235160.0
516,James Johnson,PF,TOT,40,803,11.7,0.0,1.0,1.0,.058,-2.4,1.4,-1.1,0.2,250,6.5,14.8,.442,1.5,5.9,.260,5.0,8.9,.562,2.1,3.2,.642,1.3,6.7,8.0,4.9,2.1,2.3,2.7,5.6,16.7,103,111,-0.64,-0.4,-0.24,16047100.0
525,Keldon Johnson,SF,SAS,53,1509,14.4,1.4,1.5,3.0,.094,-0.6,-1.0,-1.6,0.2,251,8.4,17.4,.483,1.5,4.4,.333,6.9,12.9,.535,3.6,4.9,.730,2.5,8.3,10.9,3.0,0.9,0.8,1.9,3.6,21.8,112,112,-2.99,-1.88,-1.11,2048040.0
526,Stanley Johnson,PF,TOR,50,730,8.4,0.0,0.9,0.8,.055,-3.7,1.2,-2.5,-0.1,252,3.8,9.7,.395,2.0,5.7,.345,1.8,4.0,.467,1.6,1.9,.828,1.5,6.3,7.7,4.0,2.4,1.1,2.6,5.9,11.2,102,111,-1.93,-0.91,-1.03,3801000.0
527,Tyler Johnson,SG,BRK,31,522,8.4,0.3,0.3,0.5,.050,-2.4,-1.4,-3.7,-0.2,253,5.2,13.1,.394,3.5,9.3,.376,1.7,3.8,.439,1.5,1.8,.842,0.5,5.0,5.5,2.7,1.1,0.0,1.2,2.9,15.3,111,117,1.29,1.43,-0.14,2028594.0
528,Damian Jones,C,TOT,25,246,11.7,0.3,0.4,0.7,.130,-4.4,1.3,-3.1,-0.1,255,5.3,7.7,.692,0.0,0.2,.000,5.3,7.5,.711,3.6,5.1,.692,3.4,6.7,10.1,1.4,1.0,2.6,2.6,9.1,14.3,122,109,-1.43,-1.13,-0.3,785285.0
544,Derrick Jones Jr.,SF,POR,50,1220,12.3,1.6,0.6,2.2,.088,-1.3,-0.2,-1.6,0.1,256,5.5,11.3,.486,1.7,5.1,.328,3.8,6.2,.617,2.1,3.3,.634,3.0,4.9,7.9,1.6,1.4,2.0,1.2,4.5,14.7,121,116,0.42,-0.42,0.84,9268293.0
545,Tre Jones,PG,SAS,27,132,9.1,-0.2,0.1,-0.1,-0.020,-4.5,-1.7,-6.2,-0.1,258,7.4,16.5,.444,0.4,0.7,.500,7.0,15.8,.442,2.6,2.6,1.000,1.8,2.6,4.4,5.1,2.2,0.0,4.4,2.2,17.6,92,114,-0.85,-0.32,-0.53,898310.0
546,Tyus Jones,PG,MEM,56,1054,15.4,1.3,1.2,2.5,.114,-0.1,0.8,0.7,0.7,259,7.2,16.5,.434,1.8,5.6,.315,5.4,10.9,.496,1.5,1.6,.917,0.9,4.6,5.5,10.1,2.7,0.2,1.9,1.1,17.6,115,111,-1.63,-1.46,-0.17,7965100.0
547,DeAndre Jordan,C,BRK,49,1086,17.4,2.2,1.3,3.5,.156,0.1,0.9,1.0,0.8,260,7.6,9.7,.781,0.0,0.0,.000,7.6,9.7,.784,1.6,3.1,.500,4.2,11.6,15.9,3.6,0.6,2.6,3.2,4.6,16.7,129,111,0.13,-0.17,0.3,10375678.0
548,Cory Joseph,PG,TOT,57,1273,11.8,1.0,0.5,1.5,.057,-2.3,-0.3,-2.6,-0.2,261,6.2,13.6,.457,1.4,4.3,.325,4.8,9.3,.518,2.4,3.0,.810,1.2,4.1,5.3,6.9,2.1,0.5,2.5,4.7,16.3,111,117,-2.78,-0.38,-2.4,12600000.0
557,Mfiondu Kabengele,PF,TOT,26,115,2.9,-0.3,0.1,-0.1,-0.046,-9.2,-0.4,-9.6,-0.2,262,4.7,15.5,.306,2.1,9.0,.238,2.6,6.4,.400,2.1,2.6,.833,0.4,7.7,8.2,2.6,1.7,1.3,3.0,9.5,13.7,80,110,-0.29,-0.87,0.58,2075880.0
566,Frank Kaminsky,C,PHO,34,493,15.4,0.6,0.7,1.3,.131,0.6,1.2,1.8,0.5,263,8.2,17.7,.463,2.6,6.5,.400,5.6,11.2,.500,2.2,3.9,.564,2.2,10.0,12.2,5.4,1.0,1.3,1.6,4.2,21.2,115,109,-0.29,-0.45,0.16,1882867.0
567,Enes Kanter,C,POR,56,1473,22.6,4.8,1.3,6.1,.199,1.9,-1.9,0.0,0.8,264,9.4,15.4,.606,0.0,0.0,.000,9.4,15.4,.608,3.6,4.6,.784,8.0,13.9,21.9,2.4,0.9,1.3,2.3,4.7,22.3,133,113,1.05,1.68,-0.63,5005350.0
568,Luke Kennard,SG,LAC,53,1040,12.6,1.4,0.9,2.3,.105,0.2,-1.0,-0.7,0.3,265,7.7,16.1,.479,4.0,8.7,.462,3.7,7.4,.500,1.0,1.2,.846,0.7,6.2,6.8,4.2,0.9,0.4,2.0,3.8,20.4,118,114,-0.93,1.22,-2.14,5273826.0
569,Maxi Kleber,PF,DAL,41,1146,10.3,1.3,1.1,2.4,.099,-1.0,0.0,-1.0,0.3,266,4.1,9.8,.423,3.1,7.6,.415,1.0,2.2,.451,1.4,1.5,.914,1.6,7.8,9.4,2.3,0.9,1.3,1.2,4.1,12.8,121,113,2.45,0.99,1.45,8250000.0
570,John Konchar,SG,MEM,33,463,13.1,0.5,0.7,1.2,.123,-1.5,1.4,-0.1,0.2,269,4.9,10.5,.461,1.5,4.1,.375,3.3,6.4,.516,2.1,2.5,.833,2.6,7.1,9.7,3.7,3.0,0.7,1.7,3.6,13.3,118,108,-0.15,0.66,-0.81,2093023.0
571,Furkan Korkmaz,SG,PHI,46,907,12.7,0.4,1.3,1.7,.092,-0.5,0.3,-0.2,0.4,270,7.8,19.2,.405,4.5,12.0,.373,3.3,7.1,.459,2.9,4.0,.724,0.6,4.4,5.0,3.2,2.3,0.4,2.1,2.9,22.9,107,109,0.77,0.33,0.44,1762796.0
572,Luke Kornet,PF-C,TOT,22,213,12.1,0.1,0.3,0.4,.081,-0.1,0.8,0.7,0.1,271,5.5,14.4,.381,3.0,10.3,.289,2.5,4.1,.611,0.7,1.4,.500,1.6,8.0,9.6,3.0,0.5,4.1,0.7,2.3,14.6,109,110,0.36,-0.42,0.78,2304878.0
581,Rodions Kurucs,SF-PF,TOT,20,121,6.7,-0.3,0.2,-0.1,-0.040,-6.6,2.5,-4.1,-0.1,272,4.3,12.6,.344,2.4,8.2,.286,2.0,4.3,.455,0.4,0.8,.500,2.0,7.1,9.0,3.9,3.5,1.6,4.7,5.1,11.4,78,108,-0.15,-0.72,0.57,1780152.0
597,Kyle Kuzma,SF,LAL,55,1561,12.7,0.0,2.4,2.5,.076,-0.5,-0.7,-1.2,0.3,273,8.5,19.5,.436,3.4,9.8,.350,5.1,9.7,.522,1.7,2.5,.675,3.0,8.1,11.1,2.9,0.8,1.0,3.0,2.9,22.1,103,108,0.13,-1.69,1.82,3562178.0
598,Jeremy Lamb,SG,IND,36,765,16.0,1.3,0.9,2.1,.134,0.9,0.4,1.3,0.6,275,7.5,17.2,.435,3.2,8.0,.406,4.2,9.2,.459,4.4,4.7,.947,1.6,6.6,8.2,3.3,2.1,1.4,1.4,4.5,22.6,119,111,-0.86,0.21,-1.08,10500000.0
599,Zach LaVine,SG,CHI,53,1867,21.6,3.8,1.5,5.3,.136,4.8,-1.0,3.8,2.7,277,13.4,26.6,.506,4.7,11.3,.416,8.7,15.3,.572,6.0,7.1,.848,0.8,6.1,7.0,6.9,1.1,0.7,5.0,3.2,37.6,115,114,-1.11,1.02,-2.13,19500000.0
600,Jake Layman,SF,MIN,42,602,11.5,0.2,0.4,0.6,.046,-2.6,-0.1,-2.7,-0.1,278,6.8,13.7,.497,1.6,5.7,.288,5.2,8.0,.647,2.0,2.9,.703,1.0,4.0,5.0,2.2,2.3,1.3,2.0,3.2,17.3,107,115,-1.04,-2.04,1.0,3761085.0
601,Jalen Lecque,PG,IND,4,12,4.8,-0.1,0.0,-0.1,-0.233,-6.3,-6.8,-13.1,0.0,279,4.0,35.7,.111,0.0,4.0,.000,4.0,31.8,.125,11.9,11.9,1.000,7.9,11.9,19.9,7.9,0.0,0.0,0.0,0.0,19.9,77,115,-0.11,-0.18,0.06,1517981.0
602,Damion Lee,SG,GSW,57,1079,11.9,1.4,1.2,2.6,.115,-0.8,0.5,-0.3,0.5,280,5.6,11.9,.467,3.3,8.4,.397,2.2,3.5,.638,1.7,1.9,.909,1.0,6.9,7.8,3.2,1.7,0.3,1.3,3.9,16.2,121,111,0.64,0.63,0.02,1762796.0
603,Alex Len,C,TOT,49,757,16.1,1.0,0.9,1.9,.123,-1.5,0.9,-0.6,0.3,282,8.1,13.0,.627,0.4,1.4,.304,7.7,11.6,.667,3.4,5.7,.602,3.1,8.5,11.6,2.5,0.9,3.1,2.8,6.0,20.1,117,110,-1.07,-1.04,-0.03,4032648.0
621,Kawhi Leonard,SF,LAC,46,1581,26.9,6.0,2.2,8.1,.246,5.8,1.1,6.9,3.6,283,13.5,26.1,.516,2.8,7.2,.393,10.7,19.0,.562,7.2,8.2,.878,1.6,8.0,9.6,7.3,2.4,0.6,2.8,2.4,37.0,126,109,3.98,2.94,1.03,34379100.0
622,Meyers Leonard,C,MIA,3,29,6.6,0.0,0.0,0.0,.043,-3.5,-0.9,-4.4,0.0,284,5.1,12.0,.429,5.1,12.0,.429,0.0,0.0,,1.7,3.4,.500,0.0,12.0,12.0,3.4,0.0,0.0,3.4,8.5,17.1,101,112,-0.18,-0.14,-0.04,9400000.0
623,Caris LeVert,SG,TOT,33,1012,16.5,0.3,1.0,1.3,.063,-0.3,-0.4,-0.6,0.3,285,10.9,25.4,.430,2.7,8.7,.311,8.2,16.7,.492,3.9,4.9,.798,1.2,5.8,7.0,7.4,2.2,0.8,3.1,3.1,28.5,105,113,1.32,0.34,0.99,16203704.0
632,Kira Lewis Jr.,PG,NOP,39,626,11.5,0.3,0.4,0.7,.053,-2.7,-0.4,-3.1,-0.2,286,7.6,18.7,.405,2.2,6.5,.345,5.3,12.2,.437,1.9,2.4,.774,0.6,2.9,3.5,6.9,2.2,0.5,1.7,4.6,19.3,108,116,-0.28,-0.29,0.01,3640200.0
633,Damian Lillard,PG,POR,52,1867,25.1,7.1,0.4,7.5,.194,7.1,-1.9,5.2,3.4,287,12.0,27.4,.440,5.6,14.7,.379,6.5,12.7,.510,9.4,10.2,.925,0.7,5.0,5.7,10.4,1.2,0.4,4.3,2.2,39.1,123,119,0.49,2.82,-2.33,31626953.0
634,Nassir Little,PF,POR,37,521,12.7,0.9,0.1,1.0,.096,-0.4,-2.0,-2.4,-0.1,288,6.1,12.8,.478,2.4,6.6,.371,3.7,6.2,.591,3.1,3.8,.825,2.4,7.0,9.5,1.6,0.5,1.1,1.3,4.1,17.7,125,119,-0.04,1.84,-1.88,2210640.0
635,Kevon Looney,C,GSW,47,797,12.7,1.5,0.9,2.4,.142,-1.5,0.6,-0.9,0.2,289,4.5,8.2,.554,0.2,0.9,.267,4.3,7.3,.589,1.3,1.9,.688,5.1,7.7,12.8,5.2,1.1,1.0,1.8,5.7,10.6,129,111,0.92,0.82,0.09,4821429.0
636,Brook Lopez,C,MIL,56,1533,14.6,2.2,1.8,4.1,.127,0.0,-0.1,-0.1,0.7,290,7.4,15.3,.483,2.6,7.5,.348,4.8,7.8,.613,2.7,3.2,.854,2.5,6.3,8.7,1.2,1.1,2.4,1.5,3.5,20.1,119,111,0.63,1.05,-0.43,12697675.0
637,Robin Lopez,C,WAS,57,1138,16.1,2.3,0.7,3.1,.129,0.0,-1.4,-1.3,0.2,291,8.6,13.5,.635,0.2,0.7,.278,8.4,12.8,.655,3.3,4.7,.698,4.7,4.5,9.2,2.0,0.6,1.3,2.4,3.9,20.7,125,116,-1.22,-1.74,0.52,7300000.0
638,Kevin Love,PF,CLE,14,311,15.4,0.1,0.3,0.5,.074,0.7,-1.1,-0.5,0.1,292,8.7,21.7,.401,4.3,13.5,.318,4.4,8.2,.538,3.8,4.9,.774,1.6,12.7,14.3,4.8,1.3,0.3,2.7,2.2,25.5,106,112,0.6,0.26,0.34,31300000.0
639,Kyle Lowry,PG,TOR,40,1385,16.3,2.4,1.2,3.6,.123,1.6,-0.7,1.0,1.0,293,7.8,17.9,.437,3.8,9.6,.391,4.1,8.3,.490,4.4,4.9,.880,1.1,6.5,7.6,10.1,1.5,0.3,4.0,4.4,23.8,116,114,-0.66,0.16,-0.81,30000000.0
640,Trey Lyles,PF,SAS,23,358,11.4,0.3,0.4,0.7,.092,-1.2,-0.7,-1.9,0.0,295,5.8,12.2,.478,1.9,5.4,.350,3.9,6.8,.580,2.0,3.1,.652,1.2,10.4,11.7,1.9,0.8,0.1,0.8,1.8,15.6,116,112,-2.88,-2.18,-0.7,5500000.0
641,Thon Maker,C,CLE,8,76,18.8,0.2,0.1,0.3,.180,0.3,1.2,1.5,0.1,297,6.5,11.7,.556,0.0,1.3,.000,6.5,10.4,.625,6.5,7.1,.909,5.2,6.5,11.7,2.6,1.3,2.6,1.9,4.5,19.5,133,112,-0.49,-0.47,-0.02,309355.0
642,Terance Mann,SG,LAC,56,1033,13.1,1.7,1.1,2.8,.129,-1.0,0.4,-0.6,0.4,300,6.6,13.4,.489,1.4,3.3,.429,5.1,10.0,.510,2.6,3.3,.786,2.4,7.6,10.0,4.3,1.2,0.6,1.6,5.3,17.2,122,112,-0.51,-0.1,-0.41,1517984.0
643,Lauri Markkanen,PF,CHI,37,1003,15.2,1.2,0.8,2.1,.100,1.2,-1.6,-0.4,0.4,303,9.4,19.5,.479,4.1,10.6,.385,5.3,8.9,.591,3.1,3.7,.831,1.3,8.4,9.7,1.7,0.8,0.6,2.0,2.5,25.9,114,114,-1.76,-1.48,-0.28,6731508.0
644,Caleb Martin,SF,CHO,42,628,9.9,-0.3,0.7,0.4,.029,-3.2,-0.6,-3.8,-0.3,305,6.0,16.0,.377,2.0,7.6,.265,4.0,8.4,.477,2.2,3.5,.622,2.2,7.0,9.3,4.0,2.2,0.6,2.2,3.6,16.2,98,111,-2.0,-0.93,-1.07,1517981.0
645,Cody Martin,SF,CHO,44,666,10.2,0.2,0.6,0.8,.055,-2.4,-0.1,-2.5,-0.1,306,4.9,11.1,.441,0.9,3.6,.265,3.9,7.5,.524,1.5,2.6,.571,2.8,5.8,8.5,5.0,1.8,0.7,2.3,2.8,12.2,106,113,0.54,-0.37,0.91,1517981.0
646,Kelan Martin,SF,IND,20,101,10.9,0.0,0.1,0.1,.036,-2.4,-0.5,-3.0,0.0,307,6.6,17.0,.389,2.8,8.0,.353,3.8,9.0,.421,2.4,2.4,1.000,2.8,7.5,10.4,2.4,2.4,0.9,2.8,4.7,18.4,99,111,-0.1,-0.13,0.03,1445697.0
647,Kenyon Martin Jr.,SF,HOU,31,598,14.5,0.8,0.6,1.4,.113,-1.7,0.0,-1.7,0.0,308,6.4,12.3,.516,1.0,2.8,.343,5.4,9.5,.567,2.8,3.7,.761,4.2,7.6,11.8,1.6,1.3,2.1,1.6,4.2,16.5,119,112,0.08,-0.66,0.74,898310.0
648,Wesley Matthews,SG,LAL,49,959,6.5,0.0,1.4,1.4,.069,-3.5,0.5,-3.0,-0.2,312,3.5,10.6,.335,2.7,8.4,.325,0.8,2.2,.372,1.5,1.8,.857,0.7,3.1,3.8,2.3,1.6,0.8,1.1,3.5,11.3,103,109,-1.6,-1.35,-0.24,3623000.0
649,Tyrese Maxey,SG,PHI,48,680,12.5,0.2,0.8,1.0,.068,-2.3,-1.1,-3.4,-0.2,313,10.0,22.1,.452,1.4,5.1,.278,8.6,17.1,.504,2.3,2.7,.868,0.6,4.5,5.1,5.3,1.1,0.5,2.0,3.9,23.8,105,111,-3.66,-1.61,-2.05,2478840.0
650,Patrick McCaw,SF,TOR,5,33,12.0,0.1,0.0,0.1,.212,-2.5,3.5,1.0,0.0,315,1.5,1.5,1.000,0.0,0.0,,1.5,1.5,1.000,4.4,4.4,1.000,1.5,2.9,4.4,5.8,2.9,0.0,0.0,8.8,7.3,233,113,-0.6,-0.19,-0.4,4000000.0
651,CJ McCollum,SG,POR,31,1040,21.3,2.6,0.4,3.0,.136,5.2,-1.6,3.6,1.5,316,12.6,28.3,.444,5.5,14.0,.396,7.0,14.2,.492,3.4,4.1,.818,0.9,4.8,5.7,6.9,1.6,0.8,1.9,2.7,34.0,119,118,0.94,0.67,0.27,29354152.0
652,T.J. McConnell,PG,IND,54,1387,16.8,2.0,1.7,3.7,.128,0.0,1.7,1.7,1.3,317,7.1,12.4,.569,0.3,1.1,.313,6.7,11.3,.594,0.7,1.2,.618,1.4,5.4,6.7,12.0,3.2,0.6,3.5,3.0,15.2,118,111,0.4,-0.23,0.63,3500000.0
653,Jaden McDaniels,PF,MIN,51,1164,9.4,0.4,0.7,1.0,.042,-3.2,-0.3,-3.6,-0.4,318,5.3,12.1,.440,2.4,6.5,.375,2.9,5.6,.514,0.9,1.6,.590,1.6,5.8,7.4,2.3,1.1,2.0,1.5,5.3,14.0,107,116,-0.18,-0.56,0.38,1964760.0
654,Jalen McDaniels,SF,CHO,31,482,10.7,0.0,0.5,0.5,.051,-3.5,-0.6,-4.1,-0.3,319,7.6,15.8,.478,2.1,6.0,.350,5.4,9.8,.557,2.8,3.7,.757,1.6,6.7,8.3,2.5,1.6,0.9,3.0,6.3,20.1,104,113,-1.17,-0.59,-0.58,1517981.0
655,Doug McDermott,PF,IND,52,1263,15.2,2.1,0.6,2.7,.103,1.5,-2.0,-0.5,0.5,320,9.9,19.2,.517,3.2,8.5,.379,6.7,10.8,.625,2.3,2.8,.822,2.0,5.2,7.1,2.6,0.6,0.2,1.7,3.2,25.3,119,117,1.32,0.9,0.42,7333333.0
656,JaVale McGee,C,TOT,37,543,18.1,-0.1,0.9,0.9,.076,-2.5,1.4,-1.0,0.1,322,10.8,20.7,.522,0.5,1.8,.250,10.4,18.9,.548,3.5,5.4,.644,5.4,11.8,17.3,3.1,1.6,3.8,4.6,8.3,25.5,102,106,-1.82,-1.87,0.05,4200000.0
665,Rodney McGruder,SG,DET,16,194,16.1,0.3,0.1,0.5,.121,0.9,-0.2,0.7,0.1,323,9.4,17.7,.529,2.8,6.1,.458,6.6,11.6,.565,1.5,2.0,.750,2.0,3.5,5.6,4.0,2.0,0.3,1.8,3.0,23.0,121,114,0.09,0.69,-0.6,5000000.0
666,Alfonzo McKinnie,SF,LAL,34,220,15.2,0.4,0.3,0.7,.162,0.5,-1.0,-0.6,0.1,324,8.6,16.6,.520,3.1,7.1,.438,5.5,9.5,.581,2.0,3.8,.529,3.8,6.4,10.2,1.3,1.1,0.0,0.9,4.6,22.3,125,109,-0.48,-0.46,-0.02,1762796.0
667,Ben McLemore,SG,TOT,39,659,9.0,-0.4,0.5,0.1,.010,-3.1,-1.2,-4.3,-0.4,326,7.2,19.5,.367,4.8,14.5,.330,2.4,5.1,.471,2.6,3.4,.766,1.0,4.7,5.7,2.3,1.5,0.4,2.4,4.8,21.7,98,114,-1.98,-1.07,-0.9,2852708.0
685,Sam Merrill,SG,MIL,25,192,12.5,0.3,0.2,0.4,.111,-0.1,-0.9,-1.0,0.0,329,6.6,14.5,.458,4.4,9.6,.462,2.2,4.9,.450,1.0,1.0,1.000,1.5,5.2,6.6,4.7,1.2,0.2,2.5,3.4,18.7,120,114,-0.1,-0.35,0.26,898310.0
686,Khris Middleton,SF,MIL,55,1841,18.4,3.4,2.0,5.3,.139,2.1,-0.5,1.6,1.7,331,10.5,22.0,.479,3.1,7.3,.426,7.4,14.8,.504,4.3,4.8,.889,1.2,7.4,8.6,7.8,1.6,0.2,3.9,3.4,28.5,116,112,0.58,1.26,-0.67,33051724.0
687,Darius Miller,SF,OKC,18,197,16.1,0.4,0.3,0.7,.160,1.2,2.7,3.9,0.3,332,5.3,11.6,.458,4.1,10.2,.405,1.2,1.5,.833,2.9,2.9,1.000,0.5,5.3,5.8,5.1,3.2,1.2,1.9,3.2,17.7,129,110,1.6,0.56,1.04,7000000.0
688,Patty Mills,PG,SAS,54,1380,12.9,1.5,0.9,2.4,.082,0.7,-1.7,-1.0,0.4,333,7.7,18.1,.425,4.8,12.5,.385,2.9,5.6,.516,2.1,2.4,.910,0.6,2.7,3.3,4.7,1.2,0.1,1.9,2.4,22.4,113,116,3.06,0.73,2.32,13285714.0
689,Paul Millsap,PF,DEN,45,972,16.3,1.6,1.2,2.8,.138,0.5,-0.2,0.3,0.6,334,7.8,15.8,.494,2.1,5.8,.368,5.7,10.0,.566,2.9,4.1,.704,3.2,7.9,11.1,3.8,1.9,1.5,2.1,4.6,20.7,120,110,-0.62,0.44,-1.06,10000000.0
690,Shake Milton,SG,PHI,49,1170,14.4,0.9,1.3,2.2,.092,-1.1,-1.2,-2.3,-0.1,335,9.8,21.8,.452,2.2,6.5,.340,7.6,15.2,.500,5.0,5.9,.854,1.2,3.4,4.6,5.9,1.3,0.5,3.5,4.4,26.9,109,111,0.23,-0.89,1.11,1701593.0
691,Donovan Mitchell,PG,UTA,53,1771,21.4,4.1,2.1,6.2,.168,4.1,-0.6,3.5,2.5,336,13.1,30.0,.438,4.9,12.7,.386,8.2,17.3,.476,7.3,8.7,.845,1.4,5.1,6.5,7.6,1.4,0.4,4.0,3.2,38.5,115,111,1.06,1.2,-0.13,5195501.0
692,Malik Monk,SG,CHO,32,694,15.2,0.6,0.4,1.1,.073,1.0,-2.0,-1.1,0.2,338,10.4,22.5,.460,4.9,11.5,.424,5.5,11.0,.497,3.7,4.5,.815,0.8,5.1,5.9,4.3,1.1,0.3,3.3,2.7,29.3,110,116,1.21,0.72,0.49,5345687.0
693,Ja Morant,PG,MEM,48,1543,16.9,1.3,1.2,2.5,.077,1.3,-2.2,-0.9,0.4,340,10.2,22.7,.447,1.5,5.4,.277,8.7,17.3,.500,6.5,8.8,.739,1.4,4.1,5.5,11.0,1.3,0.3,4.6,2.1,28.3,108,114,0.46,2.01,-1.55,9166800.0
694,Markieff Morris,PF,LAL,50,1029,10.6,0.4,1.6,2.0,.092,-1.9,0.0,-1.9,0.0,343,6.5,14.9,.438,2.9,8.5,.344,3.6,6.4,.563,1.5,2.0,.744,2.0,9.1,11.1,2.7,0.8,0.8,2.2,4.4,17.5,107,107,-0.05,-0.44,0.39,2331593.0
695,Monte Morris,PG,DEN,44,1151,13.8,2.0,0.7,2.7,.113,0.1,-1.1,-1.0,0.3,344,7.5,15.7,.477,2.1,5.6,.377,5.4,10.1,.532,2.4,3.1,.789,0.5,3.6,4.1,6.1,1.3,0.6,1.4,1.9,19.5,122,116,2.19,1.75,0.43,1663861.0
696,Mychal Mulder,PG,GSW,46,460,8.7,0.1,0.4,0.5,.050,-2.2,-1.2,-3.4,-0.2,345,5.7,14.1,.406,4.4,12.0,.364,1.3,2.0,.650,1.1,1.9,.579,0.1,3.6,3.7,1.8,0.9,0.9,0.9,3.2,16.9,107,114,0.7,0.95,-0.25,1517981.0
697,Dejounte Murray,PG,SAS,54,1709,16.6,0.7,2.4,3.1,.087,-0.3,1.1,0.8,1.2,346,10.0,21.9,.454,1.5,4.6,.331,8.4,17.3,.487,2.5,3.1,.791,1.1,9.6,10.6,8.1,2.4,0.2,2.6,3.1,23.9,106,109,1.91,1.07,0.84,14285714.0
698,Jamal Murray,PG,DEN,48,1704,18.4,3.3,1.4,4.7,.133,2.7,-1.0,1.7,1.6,347,11.0,23.1,.477,3.8,9.2,.408,7.2,13.9,.523,3.9,4.5,.869,1.1,4.6,5.6,6.7,1.9,0.4,3.1,2.8,29.6,117,114,2.58,2.36,0.21,29250000.0
699,Mike Muscala,C,OKC,35,645,14.8,0.8,0.5,1.3,.099,0.8,-1.2,-0.3,0.3,348,8.8,19.8,.446,5.0,13.6,.370,3.8,6.1,.614,2.4,2.7,.917,1.4,8.4,9.8,2.1,0.6,0.8,1.6,4.0,25.1,115,114,0.98,-0.75,1.73,2283034.0
700,Abdel Nader,SF,PHO,24,355,13.4,0.3,0.5,0.8,.102,-1.2,0.8,-0.4,0.2,350,7.9,16.1,.491,2.5,6.0,.419,5.4,10.1,.534,3.9,5.1,.757,1.0,7.6,8.6,2.6,1.4,1.2,2.6,4.7,22.2,110,109,0.29,-0.43,0.72,1752950.0
701,Larry Nance Jr.,PF,CLE,32,1020,13.8,0.7,1.3,2.0,.096,-0.8,1.9,1.1,0.8,351,5.8,12.1,.480,1.8,4.9,.373,4.0,7.2,.554,1.4,2.2,.644,2.5,7.9,10.4,4.8,2.9,0.8,2.4,3.2,14.8,112,110,-0.34,-1.77,1.43,11709091.0
702,Aaron Nesmith,SF,BOS,32,407,6.0,-0.1,0.3,0.2,.025,-4.2,-0.8,-5.0,-0.3,352,4.2,11.6,.365,2.7,8.3,.319,1.6,3.3,.481,1.3,1.9,.688,1.7,6.4,8.1,1.3,1.1,0.7,1.8,5.3,12.4,99,114,0.6,0.53,0.07,3458400.0
703,Raul Neto,PG,WAS,51,1038,12.1,0.6,1.0,1.6,.073,-2.0,0.4,-1.6,0.1,353,6.9,15.4,.450,2.0,5.7,.359,4.9,9.7,.502,2.1,2.5,.839,0.8,4.3,5.2,4.8,2.5,0.2,1.8,3.6,18.0,109,113,-0.62,-0.19,-0.43,1882867.0
704,Georges Niang,PF,UTA,58,837,9.8,0.5,1.0,1.5,.083,-1.4,0.0,-1.5,0.1,354,7.1,16.6,.427,4.9,12.1,.404,2.2,4.5,.487,0.4,0.4,1.000,1.2,6.8,8.0,2.4,0.9,0.3,2.3,5.3,19.5,109,111,1.3,0.5,0.8,1783557.0
705,Zeke Nnaji,PF,DEN,36,351,11.0,0.5,0.2,0.7,.099,-0.9,-1.6,-2.6,-0.1,355,6.2,12.7,.489,2.8,7.2,.392,3.4,5.5,.615,1.7,2.1,.800,1.8,6.1,7.9,0.8,0.8,0.6,1.0,3.7,17.0,123,115,-0.82,-0.45,-0.36,2379840.0
706,Nerlens Noel,C,NYK,51,1193,14.8,1.1,2.7,3.8,.152,-2.7,3.2,0.6,0.8,356,4.6,7.6,.610,0.0,0.1,.000,4.6,7.5,.617,1.6,2.3,.696,5.0,8.6,13.6,1.4,2.2,4.6,2.5,5.8,10.9,117,101,-1.12,-0.46,-0.66,5000000.0
707,Jaylen Nowell,SG,MIN,38,714,12.6,0.3,0.3,0.6,.039,-1.4,-1.7,-3.1,-0.2,357,9.0,21.0,.428,3.1,9.2,.338,5.9,11.8,.497,2.8,3.4,.824,1.2,4.7,5.9,3.9,1.4,0.7,1.8,4.5,23.9,107,118,-0.54,0.04,-0.59,1517981.0
708,Frank Ntilikina,PG,NYK,23,261,7.5,0.0,0.4,0.4,.066,-5.3,1.9,-3.4,-0.1,358,4.6,12.4,.369,3.4,7.3,.474,1.1,5.2,.222,1.5,3.1,.500,1.0,3.8,4.8,2.9,2.9,0.4,1.9,7.3,14.1,101,108,-0.77,-0.52,-0.25,6176578.0
709,Kendrick Nunn,PG,MIA,44,1258,13.5,0.6,1.3,1.9,.074,-0.7,0.0,-0.7,0.4,359,9.3,19.9,.466,3.7,9.7,.377,5.6,10.1,.553,1.7,1.8,.913,0.7,4.8,5.5,4.8,1.7,0.4,2.6,3.3,23.8,107,112,-1.03,-0.81,-0.22,1663861.0
710,David Nwaba,SF,HOU,30,679,14.5,0.8,0.7,1.4,.101,-1.3,1.0,-0.3,0.3,362,7.4,15.3,.486,1.2,4.4,.270,6.2,10.8,.574,3.3,4.8,.691,2.8,5.5,8.3,2.2,2.1,1.5,1.2,4.2,19.3,115,113,-0.08,-0.42,0.34,1862250.0
711,Jordan Nwora,SF,MIL,23,217,14.2,-0.1,0.3,0.3,.057,-1.7,-0.6,-2.3,0.0,363,9.6,22.1,.431,4.6,10.4,.438,5.0,11.7,.426,3.3,4.1,.789,0.9,8.0,8.9,1.5,2.8,1.1,3.7,3.5,26.9,100,107,-0.18,-0.29,0.11,898310.0
712,Semi Ojeleye,PF,BOS,48,853,8.2,0.7,0.5,1.2,.066,-1.4,-1.3,-2.7,-0.2,365,4.5,11.3,.398,3.1,8.1,.383,1.4,3.2,.436,1.4,1.8,.750,1.5,5.9,7.4,2.0,0.7,0.0,1.0,3.0,13.5,116,116,0.43,0.02,0.42,1752950.0
713,Jahlil Okafor,C,DET,18,190,13.5,0.2,0.1,0.4,.092,-1.7,-1.1,-2.8,0.0,366,8.8,15.0,.586,0.5,1.5,.333,8.3,13.4,.615,1.8,2.1,.875,3.4,5.7,9.0,2.8,0.8,0.8,2.6,5.2,19.9,116,115,-0.61,-0.88,0.27,1882867.0
714,Chuma Okeke,PF,ORL,40,983,11.7,0.4,0.9,1.3,.064,-1.8,0.5,-1.3,0.2,367,5.6,13.2,.421,2.0,5.8,.353,3.5,7.4,.473,1.3,1.7,.743,1.9,6.1,7.9,4.4,1.8,1.0,1.6,2.1,14.5,108,113,1.3,-0.11,1.4,3121080.0
715,Josh Okogie,SG,MIN,45,937,8.7,0.2,0.6,0.8,.039,-4.2,0.3,-3.9,-0.5,368,3.9,10.1,.390,1.3,4.4,.287,2.7,5.7,.469,3.2,3.9,.821,2.0,3.7,5.7,2.4,2.3,1.1,1.8,4.9,12.4,106,116,-0.4,0.04,-0.44,2651040.0
716,Onyeka Okongwu,C,ATL,35,373,16.1,0.6,0.5,1.2,.150,-2.7,1.0,-1.7,0.0,369,7.5,12.0,.626,0.0,0.1,.000,7.5,11.9,.633,3.4,5.7,.605,4.5,9.0,13.5,1.1,1.8,2.9,2.0,8.8,18.5,124,109,-0.82,0.42,-1.24,5813640.0
717,Isaac Okoro,SG,CLE,52,1657,7.2,-0.3,1.0,0.7,.020,-4.5,-0.4,-4.9,-1.2,370,4.7,11.1,.425,1.3,4.4,.304,3.4,6.7,.504,2.0,2.8,.723,1.4,2.9,4.3,2.7,1.6,0.7,2.1,4.2,12.8,100,116,-2.66,-1.27,-1.39,6400920.0
718,KZ Okpala,PF,MIA,29,365,4.1,-0.4,0.4,0.0,.000,-6.9,-0.8,-7.7,-0.5,371,3.8,10.6,.359,1.5,6.1,.244,2.3,4.5,.515,0.4,1.4,.300,2.3,5.6,7.9,1.8,1.1,1.1,1.8,6.5,9.5,88,112,-2.2,-1.77,-0.44,1517981.0
719,Victor Oladipo,SG,TOT,33,1080,14.5,-0.6,1.0,0.5,.022,-0.6,-0.9,-1.5,0.1,372,10.4,25.5,.408,3.4,10.6,.326,6.9,14.9,.466,4.6,6.1,.754,0.5,6.5,7.1,6.7,2.0,0.6,3.7,3.6,28.8,100,113,0.09,-0.89,0.98,21000000.0
735,Kelly Olynyk,C-PF,TOT,57,1590,14.4,1.2,2.2,3.4,.104,-0.6,0.7,0.0,0.8,373,7.9,16.5,.479,3.2,9.5,.337,4.7,6.9,.676,2.1,2.5,.817,1.9,9.5,11.4,3.9,1.7,1.1,2.7,5.0,21.0,111,109,2.02,1.36,0.66,12198243.0
744,Miye Oni,SG,UTA,42,372,6.1,0.0,0.4,0.5,.062,-3.5,0.2,-3.3,-0.1,374,3.7,10.7,.341,3.1,9.5,.329,0.5,1.2,.444,0.7,0.8,.833,2.5,6.5,9.0,2.0,0.8,0.9,1.8,6.0,11.1,104,111,0.27,-0.17,0.44,1517981.0
745,Cedi Osman,SF,CLE,49,1179,10.0,-0.5,0.9,0.4,.016,-1.9,-0.8,-2.7,-0.2,375,7.0,19.4,.360,3.3,10.9,.300,3.7,8.5,.436,2.3,3.1,.743,1.2,5.5,6.7,5.3,1.8,0.3,2.2,3.7,19.5,99,114,-2.49,-1.39,-1.1,8750000.0
746,Daniel Oturu,C,LAC,22,94,12.7,0.1,0.1,0.2,.104,-3.7,-1.5,-5.2,-0.1,376,7.4,13.7,.538,0.0,0.5,.000,7.4,13.1,.560,2.6,4.2,.625,4.7,7.9,12.6,3.2,0.5,1.6,2.6,7.4,17.4,114,112,0.76,0.1,0.67,898310.0
747,Kelly Oubre Jr.,SF,GSW,51,1564,13.1,0.0,1.9,1.9,.057,-1.7,-0.6,-2.2,-0.1,377,8.7,19.9,.438,2.5,7.8,.315,6.3,12.1,.517,3.3,4.7,.699,2.2,6.9,9.1,2.1,1.6,1.1,1.9,3.5,23.2,103,111,-1.57,-1.62,0.05,14375000.0
748,Jabari Parker,PF,TOT,5,59,13.5,0.0,0.0,0.0,.027,-1.7,-1.9,-3.6,0.0,378,10.7,16.5,.650,0.0,2.5,.000,10.7,14.0,.765,0.8,1.6,.500,4.1,4.9,9.1,0.8,0.0,1.6,4.1,4.1,22.2,106,119,-0.64,-0.2,-0.43,6916834.0
766,Eric Paschall,PF,GSW,39,676,13.4,0.2,0.6,0.8,.057,-1.7,-1.5,-3.1,-0.2,379,10.0,20.3,.491,1.2,3.7,.321,8.8,16.7,.529,4.4,6.2,.719,1.9,6.7,8.6,3.5,0.8,0.5,2.8,4.5,25.6,105,113,-1.38,-0.77,-0.61,1517981.0
767,Patrick Patterson,PF,LAC,30,424,11.7,0.6,0.4,1.0,.114,-0.1,0.4,0.3,0.2,381,6.3,13.8,.458,3.7,9.7,.386,2.6,4.1,.629,1.4,1.9,.750,1.3,5.1,6.4,2.6,1.4,0.9,1.3,5.0,17.7,121,112,0.02,0.18,-0.16,3814768.0
769,Chris Paul,PG,PHO,56,1767,20.4,4.7,2.5,7.2,.194,2.6,1.4,4.0,2.7,383,9.4,19.3,.484,2.0,5.6,.365,7.3,13.8,.532,3.7,4.0,.931,0.6,6.6,7.2,13.7,2.3,0.3,3.3,3.6,24.5,122,109,2.16,0.82,1.34,41358814.0
770,Cameron Payne,PG,PHO,46,799,15.7,1.4,1.0,2.4,.141,0.4,0.8,1.2,0.7,384,8.0,16.9,.474,2.8,7.0,.404,5.2,9.9,.525,2.2,2.5,.854,0.6,5.9,6.5,10.4,1.7,0.6,3.1,4.8,21.0,118,110,1.63,0.92,0.71,1977011.0
771,Elfrid Payton,PG,NYK,49,1264,13.0,-0.1,1.5,1.4,.052,-1.8,-0.6,-2.4,-0.1,385,9.4,21.2,.444,1.0,3.4,.287,8.4,17.8,.475,2.7,3.9,.697,2.4,4.8,7.2,6.7,1.5,0.4,3.3,3.7,22.6,102,111,-1.53,-0.19,-1.35,5760000.0
773,Norvel Pelle,C,TOT,7,48,12.5,0.0,0.1,0.1,.084,-4.1,2.5,-1.6,0.0,387,5.1,11.2,.455,0.0,0.0,,5.1,11.2,.455,4.1,6.1,.667,5.1,9.1,14.2,1.0,1.0,6.1,3.0,10.2,14.2,102,105,-0.15,-0.04,-0.11,217845.0
789,Mason Plumlee,C,DET,52,1392,18.1,2.6,1.9,4.5,.156,-0.1,1.6,1.5,1.2,390,7.5,12.4,.601,0.0,0.2,.000,7.5,12.2,.613,3.7,5.6,.660,4.8,11.7,16.5,6.4,1.5,1.6,3.4,6.1,18.6,121,109,-1.67,-0.45,-1.22,8000000.0
790,Jakob Poeltl,C,SAS,55,1431,17.4,2.4,2.1,4.4,.149,-0.6,0.8,0.2,0.8,391,7.1,11.3,.626,0.0,0.0,,7.1,11.3,.626,1.4,3.2,.432,6.2,8.7,14.9,3.4,1.2,3.1,2.4,4.4,15.6,122,108,1.21,-0.28,1.49,8101852.0
791,Vincent Poirier,C,PHI,10,39,1.6,-0.2,0.1,-0.1,-0.125,-11.4,-3.2,-14.6,-0.1,392,3.7,14.7,.250,0.0,1.2,.000,3.7,13.5,.273,2.5,7.4,.333,7.4,9.8,17.2,2.5,0.0,3.7,4.9,9.8,9.8,70,106,-0.42,-0.34,-0.08,2619207.0
792,Aleksej Pokusevski,PF,OKC,35,834,6.5,-2.1,0.9,-1.2,-0.071,-5.1,-0.3,-5.4,-0.7,393,5.7,17.4,.329,2.6,9.4,.273,3.1,8.0,.396,1.3,1.6,.786,1.3,8.3,9.6,4.2,0.9,2.2,3.9,2.6,15.3,81,112,-1.09,-0.93,-0.16,2964840.0
793,Jordan Poole,SG,GSW,37,667,14.0,0.5,0.5,1.0,.074,0.4,-1.6,-1.2,0.1,394,9.6,22.3,.429,4.3,12.7,.339,5.3,9.6,.547,4.4,4.9,.900,0.4,3.3,3.7,5.0,1.2,0.4,2.5,4.3,27.9,109,114,0.32,-0.18,0.49,2063280.0
794,Kevin Porter Jr.,SG,HOU,21,664,12.0,-0.4,0.4,0.0,-0.003,-1.9,-2.2,-4.1,-0.4,396,8.6,20.4,.421,2.5,8.7,.289,6.1,11.7,.518,3.6,4.8,.746,1.0,4.7,5.7,9.4,1.2,0.5,5.2,3.5,23.3,99,116,-1.21,-0.63,-0.58,2033160.0
795,Michael Porter Jr.,SF,DEN,47,1451,20.1,3.6,1.5,5.2,.171,3.5,-1.2,2.3,1.6,397,10.9,20.2,.538,4.0,9.2,.433,6.9,11.0,.625,2.7,3.5,.772,2.8,9.6,12.4,1.6,1.0,1.5,1.8,3.3,28.4,126,112,0.7,0.87,-0.17,3550800.0
796,Bobby Portis,C,MIL,53,1122,19.2,2.2,1.6,3.8,.162,1.8,-0.6,1.2,0.9,399,10.4,20.0,.521,2.5,5.3,.465,7.9,14.7,.542,1.6,2.2,.750,3.9,11.8,15.7,2.5,1.7,0.8,1.9,3.7,24.9,120,108,0.96,0.89,0.08,3623000.0
797,Dwight Powell,C,DAL,42,613,14.3,1.2,0.7,2.0,.153,-2.0,1.1,-0.9,0.2,401,5.2,9.9,.528,0.4,1.6,.250,4.8,8.3,.583,4.8,6.2,.779,3.9,7.6,11.5,2.7,2.0,1.2,1.9,7.3,15.7,127,111,1.39,-0.48,1.87,10185185.0
798,Norman Powell,SG-SF,TOT,54,1682,17.0,2.8,1.1,3.9,.112,1.3,-0.5,0.7,1.2,402,10.1,20.8,.486,4.1,9.7,.421,6.0,11.1,.543,5.3,6.2,.860,0.9,3.9,4.8,2.8,1.9,0.4,2.8,3.7,29.6,116,115,-0.35,0.49,-0.85,10865952.0
807,Taurean Prince,PF,TOT,40,884,12.1,0.2,0.8,1.0,.055,-1.3,-0.8,-2.1,0.0,403,7.1,17.7,.400,3.3,8.3,.400,3.8,9.4,.400,3.6,4.2,.855,1.1,6.7,7.7,4.0,1.5,1.3,2.6,4.0,21.1,105,113,-0.83,0.19,-1.02,13942308.0
816,Payton Pritchard,SG,BOS,52,989,11.7,1.1,0.7,1.8,.087,-0.9,-0.8,-1.8,0.1,404,6.8,15.2,.448,3.5,8.4,.412,3.3,6.7,.493,1.2,1.4,.893,1.4,4.3,5.7,4.8,1.4,0.4,2.2,4.3,18.3,116,115,-0.02,0.46,-0.48,2035800.0
817,Immanuel Quickley,PG,NYK,53,1023,16.0,1.5,1.2,2.7,.125,1.6,-0.9,0.7,0.7,405,9.3,24.2,.383,4.6,12.3,.375,4.6,11.9,.391,6.6,7.4,.894,1.1,4.8,5.9,5.4,1.2,0.5,2.2,4.7,29.8,113,111,0.43,0.47,-0.04,2105520.0
818,Julius Randle,PF,NYK,57,2131,19.9,2.8,3.5,6.3,.143,3.0,0.9,4.0,3.2,408,11.3,24.4,.461,2.8,6.9,.405,8.5,17.5,.483,6.3,7.9,.802,1.7,12.3,14.0,8.1,1.3,0.4,4.6,4.2,31.7,111,107,1.47,0.12,1.35,18900000.0
819,Cam Reddish,SF,ATL,26,750,9.4,-0.3,0.7,0.4,.025,-3.2,-0.4,-3.6,-0.3,409,6.3,17.3,.365,2.2,8.3,.262,4.1,9.0,.460,4.4,5.4,.817,1.4,5.4,6.8,2.3,2.2,0.6,2.2,4.5,19.2,100,113,-0.87,0.53,-1.4,4458000.0
820,Naz Reid,C,MIN,56,1084,18.1,1.5,1.0,2.5,.110,-0.3,-0.4,-0.6,0.4,412,10.2,19.9,.513,2.0,5.9,.341,8.2,14.0,.586,4.5,6.1,.730,2.8,8.5,11.2,2.6,1.3,2.6,2.4,6.1,26.9,115,113,-2.48,-2.05,-0.42,1517981.0
821,Nick Richards,PF,CHO,15,55,6.1,0.0,0.0,0.0,.038,-5.6,-2.4,-8.0,-0.1,414,3.5,6.2,.571,0.0,0.0,,3.5,6.2,.571,6.2,9.7,.636,1.8,6.2,7.9,0.9,0.0,0.0,2.6,5.3,13.2,109,118,-0.07,-0.21,0.14,1000000.0
822,Josh Richardson,SG,DAL,46,1465,11.5,0.9,1.0,2.0,.065,-1.5,-0.6,-2.1,0.0,415,6.9,16.2,.428,2.4,7.5,.315,4.6,8.7,.525,2.7,3.0,.910,1.4,4.1,5.5,4.3,1.4,0.6,2.2,3.8,19.0,109,115,-0.95,0.17,-1.11,10800000.0
823,Austin Rivers,SG,NYK,21,442,9.6,0.1,0.5,0.6,.065,-2.3,-0.7,-3.0,-0.1,417,6.5,15.2,.430,3.2,8.7,.364,3.4,6.5,.517,1.1,1.6,.714,0.6,4.7,5.3,4.7,1.4,0.0,2.5,3.6,17.4,106,111,-0.2,0.02,-0.22,3174603.0
824,Andre Roberson,SG,BRK,5,63,4.2,-0.1,0.1,-0.1,-0.043,-5.1,-1.2,-6.2,-0.1,418,1.5,10.7,.143,0.8,6.1,.125,0.8,4.6,.167,0.8,1.5,.500,5.4,6.1,11.5,3.1,2.3,0.8,1.5,3.1,4.6,79,113,-0.88,-0.56,-0.32,152839.0
825,Duncan Robinson,SF,MIA,58,1860,10.8,1.5,1.6,3.1,.080,-0.3,-0.7,-1.0,0.5,419,6.7,15.3,.440,5.4,13.2,.409,1.4,2.2,.630,1.3,1.6,.847,0.1,5.4,5.5,2.9,0.9,0.4,1.8,3.9,20.2,112,113,-0.35,-1.29,0.94,1663861.0
826,Glenn Robinson III,SF,SAC,23,369,9.1,0.3,-0.1,0.2,.028,-1.9,-2.8,-4.6,-0.2,420,5.5,12.9,.424,2.1,5.7,.364,3.4,7.1,.473,2.7,3.0,.913,1.4,4.4,5.8,2.6,0.5,0.4,1.4,3.0,15.7,113,122,-2.52,-0.83,-1.69,930930.0
827,Jerome Robinson,SG,WAS,17,305,4.1,-0.7,0.3,-0.4,-0.060,-6.5,-1.1,-7.6,-0.4,421,4.2,14.4,.295,1.7,6.4,.262,2.6,8.0,.321,2.4,3.0,.800,0.6,5.1,5.7,3.8,1.8,0.9,2.9,4.7,12.6,80,113,-1.76,-0.78,-0.99,3737520.0
828,Mitchell Robinson,C,NYK,31,853,17.7,1.7,1.6,3.4,.190,-0.3,1.1,0.9,0.6,423,6.7,10.3,.653,0.0,0.0,,6.7,10.3,.653,1.5,3.1,.491,6.6,8.1,14.7,1.0,2.0,2.6,1.5,5.0,15.0,131,104,0.32,-1.26,1.59,1663861.0
829,Isaiah Roby,PF,OKC,47,1103,12.7,0.1,1.3,1.4,.060,-3.1,0.4,-2.7,-0.2,424,7.0,13.9,.500,1.1,3.3,.338,5.8,10.6,.551,2.9,4.1,.716,3.2,8.4,11.6,3.8,1.6,1.4,3.8,5.5,18.0,104,111,-0.22,0.13,-0.35,1517981.0
830,Rajon Rondo,PG,TOT,35,546,11.3,0.0,0.5,0.6,.051,-1.9,0.1,-1.7,0.0,425,5.7,13.6,.417,2.2,5.5,.393,3.5,8.1,.433,0.6,0.7,.875,0.8,5.6,6.4,12.2,2.3,0.3,4.8,3.8,14.2,104,113,-0.94,-0.88,-0.05,7500000.0
839,Derrick Rose,PG,TOT,37,899,16.5,0.4,1.1,1.5,.078,0.4,-0.2,0.3,0.5,426,10.5,24.3,.431,1.9,5.3,.354,8.6,19.0,.452,4.5,5.3,.845,0.8,3.7,4.5,8.2,2.2,0.9,3.2,2.1,27.3,106,111,-0.99,-1.43,0.44,7682927.0
848,Terrence Ross,SG,ORL,46,1347,13.2,0.0,1.1,1.0,.037,-1.3,-1.1,-2.4,-0.1,427,9.2,22.3,.412,3.2,9.6,.337,6.0,12.8,.469,4.3,5.0,.870,0.5,5.2,5.7,3.9,1.7,0.8,2.7,3.2,26.0,103,114,-1.59,-1.5,-0.09,13500000.0
849,Terry Rozier,SG,CHO,53,1802,17.8,2.8,1.5,4.4,.117,2.7,-0.7,2.0,1.8,428,10.7,22.8,.468,4.8,11.9,.405,5.9,11.0,.536,3.4,4.1,.824,0.8,5.3,6.1,5.4,1.9,0.6,2.8,2.5,29.5,115,114,-0.75,0.36,-1.12,18900000.0
850,Ricky Rubio,PG,MIN,54,1413,13.2,1.2,0.9,2.1,.071,-2.3,-0.3,-2.6,-0.2,429,4.9,13.0,.379,1.6,5.2,.301,3.3,7.8,.431,3.8,4.4,.856,0.7,5.1,5.8,11.9,2.6,0.1,3.2,3.8,15.2,111,116,-1.35,-0.99,-0.36,17000000.0
851,Domantas Sabonis,PF,IND,53,1892,19.7,2.9,2.4,5.3,.135,2.0,1.0,3.0,2.4,431,10.0,19.2,.520,1.1,3.5,.302,8.9,15.7,.568,5.5,7.5,.731,3.4,12.1,15.5,8.0,1.5,0.7,4.5,4.5,26.5,114,110,-1.6,-0.88,-0.72,17187500.0
852,JaKarr Sampson,PF,IND,21,169,10.9,0.0,0.2,0.1,.042,-4.8,-2.5,-7.2,-0.2,433,7.6,17.2,.443,0.6,2.5,.222,7.0,14.7,.481,3.9,6.2,.636,4.8,8.5,13.3,0.6,0.6,2.0,2.0,7.9,19.7,102,113,0.99,0.58,0.41,1882867.0
853,Mike Scott,PF,PHI,38,662,6.1,-0.2,0.9,0.7,.049,-3.5,0.1,-3.4,-0.2,437,4.1,11.4,.354,3.0,8.9,.333,1.1,2.5,.429,0.4,0.7,.600,0.7,6.4,7.1,1.7,1.4,0.5,1.2,4.0,11.5,98,109,-0.46,-0.91,0.45,5005350.0
854,Collin Sexton,SG,CLE,48,1718,17.8,2.2,0.9,3.1,.087,1.6,-1.8,-0.2,0.8,438,12.3,25.4,.482,2.2,6.0,.370,10.0,19.5,.516,6.7,8.2,.818,1.2,2.9,4.1,5.6,1.5,0.2,3.6,3.7,33.4,111,117,-1.6,-1.61,0.02,4991880.0
855,Landry Shamet,SG,BRK,46,972,11.1,1.0,0.4,1.4,.070,-0.6,-1.5,-2.1,0.0,439,6.8,16.4,.418,4.9,12.1,.406,1.9,4.3,.453,2.4,2.9,.845,0.4,3.6,4.1,3.0,1.1,0.2,1.8,3.2,21.0,114,117,0.16,0.74,-0.58,2090040.0
856,Iman Shumpert,SG,BRK,2,11,-0.3,-0.1,0.0,0.0,-0.210,-10.2,-2.7,-13.0,0.0,440,4.4,17.5,.250,0.0,13.2,.000,4.4,4.4,1.000,0.0,0.0,,4.4,0.0,4.4,0.0,4.4,0.0,4.4,0.0,8.8,56,112,-0.06,-0.13,0.07,447155.0
857,Pascal Siakam,PF,TOR,46,1637,18.0,2.4,1.7,4.0,.119,0.9,-0.3,0.6,1.1,441,10.1,22.4,.453,1.6,5.7,.282,8.5,16.6,.512,6.3,7.5,.839,2.3,7.4,9.7,6.3,1.5,1.0,2.9,4.4,28.2,113,112,1.6,0.67,0.94,29000000.0
858,Chris Silva,PF,TOT,14,90,11.6,0.1,0.1,0.2,.102,-6.0,0.5,-5.4,-0.1,442,5.5,8.8,.625,0.5,0.5,1.000,4.9,8.2,.600,6.0,8.2,.733,3.8,11.0,14.8,3.3,0.5,2.7,5.5,12.1,17.6,109,108,-0.04,-0.02,-0.02,1517981.0
867,Ben Simmons,PG,PHI,48,1597,17.9,1.9,2.8,4.7,.142,0.5,1.8,2.3,1.8,443,8.2,15.0,.545,0.1,0.3,.300,8.1,14.7,.550,4.9,8.0,.615,2.4,8.6,11.0,10.2,2.3,0.9,4.8,4.4,21.4,112,106,1.95,1.14,0.81,29250000.0
868,Anfernee Simons,SG,POR,48,794,12.2,0.9,0.1,1.1,.064,0.4,-2.2,-1.8,0.0,444,7.8,19.2,.405,5.5,13.5,.411,2.2,5.7,.391,2.1,2.6,.810,0.6,6.2,6.7,4.2,0.6,0.4,2.0,4.6,23.2,114,120,-2.94,-0.58,-2.37,2252040.0
869,Deividas Sirvydis,SG,DET,14,38,5.2,-0.1,0.0,-0.1,-0.078,-6.1,-2.3,-8.4,-0.1,445,6.5,21.9,.294,5.2,16.8,.308,1.3,5.2,.250,3.9,5.2,.750,0.0,10.3,10.3,2.6,1.3,0.0,3.9,3.9,21.9,84,113,0.07,-0.03,0.1,898310.0
870,Marcus Smart,PG,BOS,38,1240,15.1,2.1,1.2,3.2,.125,0.4,0.1,0.6,0.8,447,6.4,15.7,.411,3.1,8.7,.355,3.4,7.0,.480,4.3,5.4,.788,1.0,4.0,5.0,8.4,2.2,0.8,2.7,3.8,20.3,118,113,-0.3,-0.24,-0.06,13446428.0
871,Dennis Smith Jr.,PG,TOT,23,420,13.7,0.1,0.5,0.6,.070,-1.3,1.5,0.2,0.2,448,6.8,16.9,.400,2.2,6.8,.328,4.6,10.2,.448,2.2,3.0,.731,1.4,5.0,6.4,9.0,2.7,1.6,3.0,4.3,18.0,105,110,-0.04,-0.6,0.57,5686677.0
880,Ish Smith,PG,WAS,29,590,11.5,0.1,0.5,0.6,.051,-1.9,0.0,-1.9,0.0,449,6.1,14.1,.433,0.9,2.3,.379,5.2,11.8,.444,0.9,1.8,.522,1.0,6.6,7.7,9.6,1.4,0.5,2.3,2.9,14.0,105,114,1.18,0.04,1.14,6146341.0
881,Jalen Smith,PF,PHO,20,88,4.4,-0.2,0.1,-0.1,-0.045,-6.1,-1.8,-7.8,-0.1,450,6.2,16.2,.379,1.1,6.2,.182,5.0,10.1,.500,0.6,1.7,.333,3.4,7.3,10.6,1.1,0.6,1.1,2.8,5.6,14.0,83,111,-0.41,-0.25,-0.16,4245720.0
882,Tony Snell,SG,ATL,40,839,9.8,1.4,0.3,1.8,.101,-0.2,-0.4,-0.6,0.3,451,4.5,8.6,.517,3.3,5.8,.571,1.2,2.9,.408,0.6,0.6,1.000,0.9,4.6,5.5,3.0,0.5,0.6,1.1,3.6,12.9,137,118,0.51,0.1,0.41,12178571.0
883,Isaiah Stewart,C,DET,56,1135,16.8,1.8,1.5,3.3,.140,-1.2,0.4,-0.8,0.3,455,7.6,13.0,.583,0.5,1.2,.429,7.1,11.8,.599,1.9,2.9,.662,5.8,9.9,15.7,2.1,1.3,2.6,2.3,6.1,17.7,121,109,1.96,0.77,1.19,3121080.0
884,Edmond Sumner,SG,IND,44,652,12.5,0.5,0.5,1.0,.072,-2.3,-0.2,-2.5,-0.1,457,7.9,15.1,.522,1.8,5.0,.362,6.1,10.1,.601,3.7,4.5,.806,1.2,4.2,5.4,2.7,2.0,0.6,3.0,4.8,21.3,110,114,-0.32,-0.46,0.14,2160000.0
885,Jayson Tatum,SF,BOS,52,1853,21.0,3.3,2.0,5.3,.136,4.1,-0.4,3.7,2.7,459,12.8,28.0,.457,4.0,10.3,.387,8.8,17.7,.499,5.9,6.7,.874,0.9,9.1,10.0,6.0,1.7,0.6,3.5,2.5,35.4,114,112,2.18,1.7,0.48,9897120.0
886,Jeff Teague,PG,TOT,44,789,12.0,0.7,0.6,1.3,.079,-2.0,-0.4,-2.4,-0.1,460,6.2,14.6,.426,1.8,4.3,.429,4.4,10.3,.425,4.3,5.0,.852,0.8,3.8,4.6,6.3,1.7,0.6,2.9,3.1,18.5,111,114,1.39,1.64,-0.25,3372826.0
904,Garrett Temple,SG,CHI,41,1096,9.1,0.3,0.9,1.3,.057,-3.0,-0.1,-3.1,-0.3,461,5.3,12.5,.426,2.3,6.5,.349,3.0,5.9,.511,1.4,1.8,.825,1.0,4.3,5.3,3.7,1.5,0.9,1.8,4.0,14.4,107,114,2.9,1.71,1.19,4767000.0
905,Tyrell Terry,PG,DAL,11,56,6.0,-0.1,0.1,-0.1,-0.051,-7.7,2.2,-5.5,-0.1,462,4.4,14.1,.313,0.0,6.2,.000,4.4,7.9,.556,0.9,2.6,.333,0.0,5.3,5.3,5.3,4.4,0.0,1.8,1.8,9.7,75,108,-0.19,-0.79,0.6,1289846.0
906,Daniel Theis,C,TOT,54,1306,14.9,2.0,1.4,3.4,.127,-0.7,0.5,-0.2,0.6,463,7.7,14.1,.544,1.5,4.7,.317,6.2,9.4,.657,2.2,3.3,.652,2.6,7.8,10.4,3.4,1.2,1.9,2.0,5.3,19.0,120,112,1.61,1.3,0.31,5000000.0
915,Matt Thomas,SG,TOT,34,255,6.1,-0.2,0.1,-0.1,-0.012,-4.1,-2.8,-6.9,-0.3,466,6.1,17.4,.348,3.8,11.7,.323,2.3,5.7,.400,1.1,1.3,.857,0.9,4.9,5.9,2.7,0.6,0.0,1.9,2.8,17.1,95,116,-0.22,-0.84,0.62,1517981.0
924,Tristan Thompson,PF,BOS,43,987,15.3,1.5,1.0,2.5,.124,-0.8,-1.2,-2.0,0.0,467,7.0,13.0,.540,0.0,0.1,.000,7.0,12.8,.547,2.9,4.8,.608,6.4,10.8,17.2,2.4,0.8,1.0,2.2,4.6,16.9,119,112,0.44,-0.16,0.6,9258000.0
925,Sindarius Thornwell,SG,NOP,14,73,4.5,-0.2,0.1,-0.1,-0.064,-6.1,0.1,-5.9,-0.1,468,4.6,13.9,.333,2.0,6.0,.333,2.7,8.0,.333,0.0,1.3,.000,0.7,2.7,3.3,2.7,3.3,0.7,2.7,2.0,11.3,77,114,0.94,0.6,0.35,747435.0
926,Matisse Thybulle,SG,PHI,54,1061,10.0,0.2,2.2,2.4,.108,-2.7,4.2,1.5,0.9,469,3.7,8.9,.419,1.6,5.3,.305,2.1,3.6,.588,0.4,0.7,.500,1.2,3.7,4.8,2.2,3.7,2.4,1.0,4.8,9.5,107,103,1.8,1.25,0.55,2711280.0
927,Obi Toppin,PF,NYK,48,539,11.2,0.2,0.8,1.0,.085,-2.5,0.1,-2.4,-0.1,473,7.2,15.1,.479,1.7,6.1,.273,5.6,9.0,.619,1.5,2.0,.727,1.8,8.1,9.8,2.1,1.1,1.0,1.9,4.3,17.6,107,109,-1.2,-0.59,-0.6,4862040.0
928,Karl-Anthony Towns,C,MIN,36,1230,23.3,2.7,1.1,3.8,.148,4.1,0.5,4.6,2.0,476,11.9,24.3,.491,3.3,8.4,.395,8.6,15.9,.542,7.0,8.0,.874,3.6,11.4,15.0,6.3,1.0,1.9,4.5,5.0,34.2,116,113,1.09,1.11,-0.02,29430000.0
929,Gary Trent Jr.,SG,TOT,53,1665,12.7,1.3,0.5,1.8,.052,-0.3,-2.0,-2.3,-0.1,477,8.8,21.0,.419,4.6,11.6,.395,4.2,9.4,.449,2.1,2.7,.780,0.6,3.3,3.9,2.3,1.5,0.3,1.2,2.5,24.2,110,119,0.08,1.14,-1.06,1663861.0
938,P.J. Tucker,PF,TOT,39,1072,5.9,0.0,0.8,0.8,.035,-4.6,0.3,-4.3,-0.6,478,2.4,6.5,.374,1.4,4.3,.330,1.0,2.2,.460,0.8,1.0,.783,1.8,5.7,7.5,2.1,1.4,0.9,1.5,4.3,7.1,103,115,-3.12,-1.88,-1.24,7969537.0
947,Myles Turner,C,IND,47,1455,15.6,1.2,2.2,3.4,.113,-1.3,1.7,0.4,0.9,480,6.7,14.1,.477,2.3,6.7,.335,4.5,7.4,.606,3.6,4.6,.782,2.1,8.0,10.0,1.6,1.3,5.2,2.2,5.4,19.4,112,108,1.22,0.12,1.1,18000000.0
948,Denzel Valentine,SG,CHI,50,875,10.6,-0.1,0.8,0.7,.038,-1.9,-0.8,-2.7,-0.2,482,7.3,19.1,.383,3.7,11.2,.333,3.6,7.9,.455,0.7,0.7,1.000,1.1,8.3,9.4,4.6,1.4,0.2,1.8,3.0,19.0,102,113,2.08,0.16,1.92,4642800.0
949,Jarred Vanderbilt,PF,MIN,50,869,15.7,1.0,1.1,2.1,.115,-2.0,1.1,-0.9,0.2,483,5.7,9.6,.597,0.1,0.2,.250,5.7,9.4,.605,2.8,5.0,.565,4.5,10.3,14.8,3.5,2.6,2.1,2.6,5.2,14.3,117,110,-0.66,-1.7,1.03,1663861.0
950,Fred VanVleet,SG,TOR,45,1625,17.0,2.2,1.7,3.9,.114,2.2,-0.1,2.1,1.7,484,8.5,21.8,.391,4.4,11.9,.366,4.2,9.9,.422,4.6,5.2,.885,0.8,4.7,5.5,8.2,2.3,1.1,2.6,3.2,26.0,113,112,2.45,1.62,0.83,21250000.0
951,Devin Vassell,SF,SAS,46,755,11.5,0.4,1.0,1.4,.092,-2.0,1.4,-0.7,0.3,485,5.5,13.2,.415,2.7,6.7,.404,2.8,6.5,.426,1.9,2.1,.879,1.2,6.9,8.0,2.7,2.4,0.9,1.2,4.1,15.5,111,110,-0.05,-0.48,0.43,4033440.0
952,Noah Vonleh,PF,BRK,4,11,-19.1,-0.1,0.0,-0.1,-0.487,-20.9,-8.9,-29.9,-0.1,487,0.0,13.2,.000,0.0,8.8,.000,0.0,4.4,.000,0.0,0.0,,0.0,4.4,4.4,4.4,0.0,0.0,8.8,8.8,0.0,14,119,-0.39,-0.09,-0.3,263995.0
953,Dean Wade,PF,CLE,48,821,11.6,0.8,0.7,1.5,.088,-0.8,0.0,-0.8,0.2,489,5.6,12.9,.433,3.2,8.8,.370,2.3,4.1,.565,1.0,1.3,.762,1.4,7.5,8.9,3.2,1.3,1.1,1.1,3.2,15.4,116,113,0.62,-0.11,0.73,1517981.0
954,Moritz Wagner,C,TOT,34,436,13.2,0.3,0.6,0.8,.093,-2.4,0.7,-1.8,0.0,490,7.0,14.5,.485,1.6,5.1,.313,5.4,9.4,.580,4.5,5.8,.778,1.7,8.1,9.8,4.1,2.3,1.0,3.2,7.7,20.2,110,110,1.5,0.87,0.63,2161920.0
963,Kemba Walker,PG,BOS,37,1161,16.3,1.3,1.0,2.3,.095,1.6,-0.7,0.9,0.9,491,9.5,23.8,.401,4.3,12.5,.345,5.2,11.3,.464,4.4,4.7,.937,0.5,5.6,6.1,7.9,1.7,0.4,3.2,2.2,27.8,111,114,-0.03,0.07,-0.11,34379100.0
964,John Wall,PG,HOU,38,1219,15.4,-0.9,0.8,-0.1,-0.004,1.3,-1.8,-0.5,0.5,493,10.8,26.7,.403,3.0,9.2,.325,7.8,17.5,.444,5.7,7.7,.737,0.7,4.1,4.8,10.0,1.6,1.1,5.2,1.7,30.2,99,115,-1.53,-1.32,-0.2,41254920.0
965,Brad Wanamaker,PG,TOT,50,834,8.8,-0.4,0.8,0.4,.024,-4.7,-0.2,-4.9,-0.6,494,5.0,13.7,.365,0.9,4.5,.200,4.1,9.1,.447,3.9,4.4,.872,0.7,4.2,4.9,8.0,1.9,0.5,3.3,4.3,14.8,99,113,0.26,-1.31,1.57,2250000.0
974,T.J. Warren,SF,IND,4,117,11.8,0.1,0.1,0.1,.047,-3.0,-2.5,-5.5,-0.1,495,11.0,20.8,.529,0.0,2.9,.000,11.0,17.9,.614,3.3,4.1,.800,0.8,4.9,5.7,2.0,0.8,0.0,1.6,6.5,25.2,107,117,0.29,0.1,0.19,11750000.0
975,P.J. Washington,PF,CHO,49,1447,12.8,0.0,1.8,1.8,.061,-1.8,0.4,-1.5,0.2,496,6.9,16.2,.428,2.4,6.4,.375,4.5,9.8,.462,3.1,4.0,.782,2.3,8.2,10.6,4.4,1.6,2.2,3.5,4.4,19.4,103,110,1.05,0.29,0.76,4023600.0
976,Yuta Watanabe,SF,TOR,39,521,13.0,0.6,0.7,1.3,.117,-1.1,0.6,-0.5,0.2,497,5.2,11.6,.448,2.2,5.6,.400,3.0,6.0,.492,1.8,2.1,.826,2.9,9.0,11.8,2.6,1.9,1.5,1.4,4.0,14.3,118,110,-0.18,-0.47,0.3,321893.0
977,Paul Watson,SF,TOR,27,297,10.9,0.4,0.2,0.6,.100,-0.7,-0.7,-1.4,0.0,499,6.2,13.3,.463,4.9,10.4,.469,1.3,2.9,.444,0.8,1.3,.625,0.6,6.7,7.3,2.8,1.0,0.5,1.5,5.8,18.0,121,114,-0.2,0.32,-0.52,1445697.0
978,Russell Westbrook,PG,WAS,50,1775,18.3,-0.7,2.3,1.6,.042,1.9,0.4,2.2,1.9,501,10.8,24.6,.438,1.7,5.4,.311,9.1,19.2,.474,5.1,8.2,.618,2.2,12.1,14.2,14.2,1.7,0.5,6.5,3.6,28.3,101,110,-2.07,-1.84,-0.23,41358814.0
979,Coby White,PG,CHI,54,1653,11.3,0.2,1.1,1.3,.037,-1.8,-1.7,-3.5,-0.6,502,8.2,20.1,.407,3.3,9.7,.340,4.9,10.5,.468,3.0,3.3,.912,0.7,5.9,6.6,7.1,0.8,0.3,3.5,4.0,22.7,104,115,-0.81,-0.46,-0.35,5572680.0
980,Derrick White,SG,SAS,32,947,14.1,0.7,0.9,1.6,.079,0.5,-0.2,0.3,0.5,503,8.3,20.5,.404,3.9,11.0,.353,4.4,9.5,.462,4.3,5.0,.847,0.5,3.9,4.5,5.5,1.2,1.6,2.2,4.4,24.7,109,113,-0.16,0.31,-0.48,3516284.0
981,Hassan Whiteside,C,SAC,34,509,20.2,0.3,0.6,0.9,.087,-1.3,-0.3,-1.6,0.1,504,11.1,20.0,.557,0.0,0.1,.000,11.1,19.9,.559,3.9,7.3,.526,5.6,13.8,19.4,1.9,0.8,4.3,3.4,6.2,26.1,108,111,-0.69,0.03,-0.72,2320044.0
982,Andrew Wiggins,PF,GSW,58,1906,14.7,0.8,2.0,2.8,.071,-0.2,-0.6,-0.7,0.6,506,9.8,20.5,.477,2.9,7.4,.388,6.9,13.2,.527,3.4,4.9,.695,1.4,5.5,6.8,3.3,1.3,1.4,2.6,3.1,25.9,106,112,-0.62,-1.61,0.99,29542010.0
983,Grant Williams,PF,BOS,50,939,6.8,0.0,0.8,0.8,.041,-4.2,-0.2,-4.4,-0.6,507,4.2,9.9,.421,1.9,5.3,.366,2.2,4.6,.483,1.1,2.0,.553,2.1,5.5,7.6,2.6,1.5,0.9,2.2,6.8,11.4,103,113,-1.92,-1.03,-0.88,2498760.0
984,Kenrich Williams,PF,OKC,58,1221,13.8,1.6,1.1,2.6,.103,-1.1,0.7,-0.4,0.5,508,7.0,13.3,.528,1.7,3.8,.443,5.3,9.5,.562,1.3,2.1,.593,2.9,6.5,9.5,5.0,1.6,0.5,2.3,4.7,16.9,117,113,0.06,-1.04,1.1,2000000.0
985,Lou Williams,PG,TOT,52,1154,14.8,0.7,1.0,1.7,.070,-0.9,-1.6,-2.5,-0.1,509,9.6,22.9,.419,2.4,6.1,.392,7.2,16.7,.430,5.0,5.8,.867,0.7,3.6,4.4,7.6,1.9,0.2,3.5,2.2,26.6,107,114,0.94,0.81,0.13,8000000.0
994,Patrick Williams,PF,CHI,56,1599,10.3,0.3,1.6,1.9,.057,-2.8,-0.1,-2.8,-0.3,510,6.1,12.8,.481,1.3,3.4,.381,4.8,9.4,.518,2.1,2.7,.767,1.5,6.4,7.9,2.3,1.5,1.1,2.3,3.3,15.7,105,112,-1.49,-0.96,-0.53,7068360.0
995,Zion Williamson,PF,NOP,52,1719,27.6,6.4,1.1,7.5,.209,5.8,-0.3,5.5,3.3,512,15.1,24.6,.614,0.3,0.8,.300,14.8,23.8,.625,8.8,12.7,.699,3.8,6.7,10.5,5.4,1.4,1.0,3.9,3.4,39.3,125,115,0.6,2.25,-1.65,10245480.0
996,D.J. Wilson,PF,TOT,29,311,9.7,-0.3,0.4,0.1,.014,-4.0,-0.8,-4.8,-0.2,513,6.9,17.8,.385,3.4,9.9,.338,3.5,7.9,.442,1.7,2.6,.647,1.8,9.9,11.7,2.0,1.1,2.1,2.6,5.5,18.7,95,111,-0.77,-0.95,0.18,4548280.0
1005,Dylan Windler,SF,CLE,31,513,10.8,0.0,0.6,0.5,.051,-1.8,0.1,-1.7,0.0,514,5.5,12.5,.438,2.5,7.4,.338,3.0,5.1,.585,2.0,2.6,.778,1.9,8.4,10.3,3.2,1.8,1.2,3.1,3.6,15.5,103,112,0.56,0.51,0.06,2137440.0
1006,Justise Winslow,SF,MEM,17,355,4.8,-1.1,0.4,-0.7,-0.094,-7.2,-0.4,-7.6,-0.5,515,7.1,20.5,.349,0.7,5.5,.122,6.5,14.9,.432,1.2,2.2,.563,1.8,8.8,10.5,3.9,1.6,0.9,3.6,4.3,16.2,77,110,0.42,-0.2,0.62,13000000.0
1007,James Wiseman,C,GSW,39,836,13.2,-0.4,1.1,0.7,.039,-4.0,-1.4,-5.4,-0.7,517,10.7,20.7,.519,0.7,2.1,.316,10.0,18.5,.542,3.0,4.8,.628,3.1,9.6,12.7,1.5,0.6,2.0,3.4,6.8,25.2,100,110,-1.98,-2.72,0.74,8730240.0
1008,Christian Wood,C,HOU,35,1118,21.1,1.5,1.4,2.8,.121,2.2,-0.3,1.9,1.1,518,12.2,23.0,.530,2.7,7.1,.383,9.4,15.9,.595,4.3,6.6,.641,2.6,11.3,13.9,2.3,1.4,1.9,2.7,3.1,31.3,112,110,2.21,0.55,1.66,13015874.0
1009,Delon Wright,SG-PG,TOT,48,1301,16.1,2.0,1.3,3.4,.124,0.8,1.5,2.2,1.4,520,6.3,13.8,.458,1.5,4.3,.360,4.8,9.5,.502,3.5,4.2,.814,1.7,5.7,7.4,7.7,2.7,0.7,2.1,2.0,17.6,119,112,0.75,1.07,-0.32,9000000.0
1018,Thaddeus Young,PF,CHI,53,1286,20.6,2.4,1.6,4.1,.152,1.9,1.3,3.2,1.7,521,11.0,19.1,.573,0.3,1.2,.242,10.7,17.9,.596,1.9,3.0,.625,4.8,7.5,12.3,8.3,2.2,1.1,3.9,4.6,24.1,117,110,3.33,3.16,0.17,13545000.0
1019,Trae Young,PG,ATL,52,1786,22.3,4.7,1.0,5.6,.151,5.1,-1.9,3.3,2.4,522,11.0,25.6,.431,3.3,9.3,.357,7.7,16.4,.472,11.0,12.7,.871,0.9,4.8,5.7,13.7,1.2,0.3,6.1,2.7,36.4,116,116,1.19,1.8,-0.61,6571800.0
1020,Cody Zeller,C,CHO,36,770,18.1,1.7,0.9,2.6,.159,-0.1,0.0,-0.1,0.4,523,8.3,15.4,.537,0.2,1.6,.120,8.1,13.8,.584,3.8,5.2,.735,6.0,10.2,16.1,4.5,1.5,0.9,2.3,5.4,20.6,123,111,0.67,1.15,-0.48,15415730.0
1021,Ivica Zubac,C,LAC,59,1307,19.5,4.0,1.7,5.8,.212,0.8,-0.2,0.5,0.8,524,7.9,12.1,.652,0.0,0.1,.000,7.9,12.0,.658,4.3,5.3,.807,6.1,10.3,16.4,2.6,0.9,1.9,2.5,5.8,20.0,136,110,-0.67,-0.21,-0.45,7000000.0
